0,0.00150602,0,0.00150602,0.0165663,0.0150602,0.0120482,0.00150602,0.0150602,0.00301205,0.00301205,0.00451807,0.00753012,0.00301205,0,0.00150602,0.00451807,0,0.00301205,0.0165663,0.00451807,0.00451807,0.00301205,0.00150602,0.00150602,0.00150602,0.00753012,0.00451807,0.0210843,0.00150602,0.00451807,0.00150602,0.00451807,0.0060241,0.0195783,0.00150602,0.00150602,0.00150602,0.0105422,0,0.00451807,0.00451807,0.0120482,0.0060241,0,0.00301205,0.00150602,0.0195783,0.00451807,0.0195783,0.00451807,0.00451807,0.00150602,0.0210843,0.00150602,0.00451807,0.00150602,0.00150602,0.00451807,0,0.00150602,0.00451807,0,0,0.0060241,0.00301205,0.00150602,0.00150602,0.0060241,0.0060241,0.0316265,0,0.00451807,0.00150602,0.00451807,0,0.00150602,0.00903614,0.0120482,0.00301205,0.00301205,0.00150602,0.0105422,0.00301205,0,0.0120482,0,0.00451807,0,0.0060241,0,0.00150602,0.00150602,0.0105422,0.00301205,0.00150602,0.00753012,0.00753012,0.00301205,0.00150602,0.00150602,0.00301205,0.0150602,0,0.00150602,0.0060241,0,0.00451807,0,0,0.0135542,0.00150602,0.00451807,0.00150602,0.0060241,0.00301205,0.0060241,0.00301205,0,0.00451807,0.00451807,0.00451807,0.00301205,0.00150602,0.00150602,0.00150602,0.00451807,0.00150602,0.0271084,0.00150602,0.00150602,0.00150602,0.00150602,0.00301205,0,0.0120482,0.0210843,0.00301205,0.00301205,0.00301205,0,0.00903614,0.00150602,0.00753012,0.00150602,0.0210843,0.00451807,0,0.00451807,0.00451807,0.00150602,0.0060241,0.0060241,0,0.00301205,0.00150602,0.00301205,0.0120482,0.00451807,0.0060241,0.00150602,0.00150602,0.00753012,0,0.0060241,0.00150602,0.0060241,0.00451807,0.00150602,0.00150602,0.00150602,0.00451807,0.0150602,0.00301205,0,0.00150602,0.061747,0.0060241,0,0.00451807,0.0105422,0.00301205,0.00451807,0.00451807,0.00753012,0,0.00301205,0.00150602,0,0.00451807,0.0060241,0.0105422,0.0060241,0.00753012,0.00150602,0.00753012,0.00451807,0.00150602,0.00301205,0,1
0.00536913,0.00268456,0.00536913,0.00671141,0.00268456,0.00805369,0.00671141,0.00939597,0.0147651,0.00268456,0.00402685,0.00268456,0.0107383,0.00134228,0,0.00134228,0.00268456,0,0,0.00536913,0.00268456,0.0107383,0.00134228,0.00402685,0.00402685,0.00134228,0.00134228,0,0.00536913,0.00134228,0.00536913,0.00268456,0.00268456,0.00134228,0.00939597,0.00134228,0,0.00402685,0.0187919,0.00805369,0.00402685,0.00268456,0.0228188,0.00536913,0.00268456,0,0.00134228,0.0107383,0.00536913,0.0120805,0.00536913,0.00939597,0.0107383,0.00134228,0,0.00805369,0,0.00402685,0.00536913,0.00671141,0.00402685,0,0.00402685,0.00134228,0.00536913,0.00671141,0.00671141,0.00268456,0.0187919,0.00134228,0.00402685,0.00268456,0.00805369,0.00536913,0.00268456,0.00402685,0.00671141,0.00268456,0.00939597,0,0,0,0.00402685,0.00805369,0,0.00134228,0.00134228,0.00939597,0,0.00402685,0,0,0,0.00268456,0.00268456,0,0.0107383,0.0134228,0.00134228,0.00536913,0.00939597,0.00134228,0.00939597,0.00268456,0.00134228,0.00268456,0.00402685,0.00134228,0.00268456,0.00536913,0.00939597,0.00134228,0.00268456,0.00268456,0.0308725,0.00134228,0.00536913,0.00268456,0.00134228,0.00268456,0.00671141,0.00671141,0.00134228,0.00134228,0.00402685,0.00268456,0.00402685,0.00268456,0.0348993,0.00805369,0,0.00671141,0.00134228,0.00134228,0.00268456,0.00805369,0.00805369,0.00536913,0.00268456,0.00805369,0.00268456,0.00805369,0.00939597,0.00134228,0.00402685,0.0187919,0,0.00805369,0.00268456,0.00536913,0.00671141,0.0120805,0.00134228,0.00268456,0.00134228,0.00402685,0.00134228,0.0120805,0.00134228,0.00671141,0.00805369,0,0.00268456,0.00268456,0.00268456,0.00268456,0.0228188,0,0.00671141,0.00671141,0.00268456,0.0134228,0.00134228,0.00536913,0.00134228,0.00268456,0.0295302,0.00268456,0.00268456,0,0.00536913,0,0.00134228,0,0.0228188,0.00134228,0.00268456,0.00536913,0.00268456,0.00402685,0,0.0107383,0.00268456,0.0174497,0.00268456,0.00268456,0.00402685,0.00536913,0.00671141,0,2
0.00534759,0.0026738,0.0013369,0.0026738,0.00802139,0.0013369,0.0013369,0.0013369,0.013369,0.0026738,0,0.0026738,0,0.0013369,0,0.0013369,0.00802139,0,0.0040107,0.00802139,0.0013369,0.00668449,0.00534759,0.00534759,0.0026738,0.0026738,0.0106952,0,0.0026738,0.0013369,0.0040107,0.00534759,0.0026738,0.0040107,0.00935829,0.00534759,0,0.00534759,0.0147059,0.00935829,0.0013369,0.0120321,0.0254011,0.0187166,0.0026738,0,0.0013369,0.00534759,0.00534759,0.0173797,0.0026738,0.0026738,0.00534759,0.0013369,0.0013369,0.0120321,0.0040107,0.0026738,0,0.0026738,0.00935829,0,0.013369,0.0040107,0.0040107,0.0013369,0.0013369,0.0026738,0.0120321,0,0.00802139,0.00534759,0.0013369,0.0013369,0.0040107,0,0.0026738,0.0040107,0.0200535,0.0013369,0.0026738,0.0013369,0.00935829,0.0013369,0.0013369,0.0013369,0,0.0013369,0,0.00935829,0.0013369,0,0.0013369,0.0026738,0.0026738,0.0026738,0.0106952,0.0120321,0.00668449,0.0026738,0,0.00534759,0.00668449,0.00534759,0.0013369,0.0026738,0.00802139,0.0013369,0,0.00534759,0.0106952,0.0013369,0.00534759,0.00668449,0.0320856,0.0026738,0.0040107,0.0013369,0.0013369,0.0013369,0.0120321,0.00935829,0,0,0.0013369,0,0,0.0013369,0.0187166,0.0147059,0.0040107,0.0026738,0,0.0013369,0.00668449,0.0120321,0.00802139,0.0013369,0.0013369,0.0106952,0.0013369,0.013369,0.0120321,0.0040107,0,0.0120321,0,0.0120321,0.00935829,0.0040107,0.0013369,0.0026738,0.0013369,0,0.0013369,0.0026738,0.0026738,0.0200535,0.0026738,0.00534759,0.00534759,0.0026738,0.0013369,0,0.00534759,0.00668449,0.0227273,0,0.00534759,0.0026738,0.0013369,0.00668449,0.00668449,0.0026738,0.0026738,0,0.0160428,0.0040107,0.0013369,0.0013369,0.0026738,0.0013369,0.00534759,0,0.0294118,0.0040107,0.00668449,0.00668449,0.00668449,0.00534759,0.0040107,0.00802139,0.0106952,0.0147059,0,0.00935829,0.0013369,0.0026738,0.0120321,0.0013369,3
0.0107527,0.00134409,0.00268817,0.00268817,0.00806452,0.0094086,0.00134409,0.00134409,0.0147849,0.00134409,0.00134409,0.00134409,0.00268817,0.00134409,0.00134409,0.00268817,0.00268817,0.00268817,0,0.0094086,0,0.00672043,0.00268817,0.00268817,0.00268817,0.00134409,0.00403226,0.00537634,0.0107527,0.00268817,0.00268817,0.00134409,0.00672043,0,0.0241935,0.00537634,0,0.00403226,0.016129,0.00268817,0.00537634,0.00537634,0.030914,0.0147849,0.00403226,0.00403226,0,0.00672043,0.00806452,0.0120968,0.00268817,0.0120968,0.00537634,0,0,0,0.00134409,0.00537634,0.00268817,0.00268817,0.0107527,0.00134409,0.00672043,0,0.00806452,0.0094086,0.00403226,0.00403226,0.0147849,0.00268817,0.00806452,0.00134409,0.00134409,0.00403226,0.00134409,0.00268817,0.00403226,0.00403226,0.00672043,0.00268817,0.00268817,0,0.00672043,0.00672043,0.00134409,0.00268817,0,0.00134409,0,0.00403226,0.00134409,0.00134409,0.00134409,0.00134409,0.00537634,0,0.0134409,0.0147849,0.00806452,0,0.00672043,0.00403226,0.00806452,0,0.00268817,0.00134409,0.00268817,0.00403226,0,0.00806452,0.0120968,0,0.00268817,0.00268817,0.0255376,0.00268817,0,0.00268817,0.00268817,0,0.00268817,0.00268817,0,0,0.0107527,0,0.00403226,0.00134409,0.030914,0.0134409,0.00134409,0.00268817,0.00134409,0,0.00537634,0.0120968,0.00672043,0.00537634,0.00134409,0.0147849,0.00134409,0.00806452,0.016129,0.00268817,0,0.00537634,0,0.0120968,0.00268817,0.0107527,0,0.0094086,0.00134409,0.00134409,0.00403226,0,0.00268817,0.0134409,0.00268817,0.00672043,0.0094086,0.00134409,0.00134409,0.00134409,0.00134409,0.00268817,0.0322581,0,0.00806452,0.00134409,0,0.016129,0.00268817,0.00268817,0.00403226,0.00134409,0.0228495,0,0.00134409,0.00403226,0.00134409,0,0.00537634,0,0.0215054,0.00134409,0,0.00672043,0.00672043,0.00268817,0.00806452,0.0107527,0.00268817,0.0120968,0,0.00672043,0.00134409,0,0.016129,0,4
0.0105125,0.00262812,0,0.0065703,0.00394218,0.00788436,0.00131406,0.00525624,0.0144547,0.00262812,0.00262812,0,0.00525624,0.0065703,0,0,0.00394218,0,0.00131406,0.00919842,0.00262812,0.0065703,0.00919842,0.00919842,0.00131406,0,0.00131406,0.00262812,0.00788436,0.00131406,0.00394218,0.00262812,0.00262812,0.00131406,0.0275953,0.00262812,0,0.00919842,0.0144547,0.00788436,0.00262812,0.00525624,0.0249671,0.0118265,0.00394218,0,0.00131406,0.00525624,0.0065703,0.00394218,0.00525624,0.00525624,0.00525624,0,0.00131406,0.0065703,0.00131406,0.00262812,0.00262812,0.00131406,0.00394218,0.00394218,0.00394218,0.00131406,0.00525624,0.00788436,0.00788436,0.00131406,0.0170828,0.00131406,0.00788436,0.00131406,0.00394218,0.00394218,0,0.00131406,0.0065703,0.00788436,0.00788436,0.00131406,0.00131406,0,0.00262812,0.0131406,0.00262812,0.00525624,0.00131406,0.00394218,0.00131406,0.00788436,0,0.00131406,0.00131406,0.0105125,0.00262812,0,0.00919842,0.0157687,0.00919842,0.00131406,0,0.00525624,0.00525624,0.00262812,0.00131406,0.00262812,0.0065703,0,0,0.00394218,0.00919842,0.00131406,0.0105125,0.00131406,0.0249671,0.00525624,0.00262812,0.0065703,0.00131406,0,0.00394218,0.0105125,0,0.00131406,0.00394218,0.00131406,0.00394218,0,0.0249671,0.0118265,0.00262812,0,0,0,0.0065703,0.0157687,0.00788436,0.00131406,0.00394218,0.0183968,0.00394218,0.00525624,0.0065703,0.00394218,0.00262812,0.00131406,0.00525624,0.00919842,0.00525624,0.00788436,0.00262812,0.0118265,0.00131406,0.00525624,0.00131406,0,0.00394218,0.00788436,0.00131406,0.00919842,0.00262812,0.00131406,0.00131406,0,0.00131406,0.00394218,0.0275953,0,0.0065703,0.00262812,0.00262812,0.0105125,0.00525624,0.0105125,0.00525624,0.00262812,0.0131406,0,0.00394218,0.00262812,0.00131406,0.00131406,0.00131406,0,0.0262812,0.00131406,0.00131406,0.0105125,0.00788436,0,0.00262812,0.00919842,0.00131406,0.021025,0.00394218,0.00262812,0,0.00262812,0.0144547,0,5
0,0,0,0,0.0666667,0,0.0571429,0,0,0,0,0.00952381,0,0,0,0,0,0,0,0.047619,0,0,0,0.00952381,0,0,0,0,0.00952381,0,0,0,0.00952381,0.00952381,0,0,0,0,0.00952381,0,0.00952381,0.00952381,0.00952381,0,0,0,0,0,0.00952381,0.00952381,0.00952381,0,0,0.0666667,0,0,0,0,0.0190476,0,0,0,0,0,0,0.00952381,0,0,0.00952381,0,0,0,0,0,0,0,0,0.0190476,0.00952381,0,0.00952381,0,0.0285714,0,0,0.00952381,0,0,0,0.00952381,0,0,0,0.00952381,0,0.00952381,0,0,0.00952381,0,0,0.00952381,0,0,0.00952381,0,0.00952381,0,0,0,0.0285714,0,0,0,0.00952381,0.00952381,0.0190476,0,0,0,0.0190476,0.00952381,0.00952381,0,0,0,0,0,0.00952381,0,0,0,0.00952381,0.00952381,0,0.00952381,0,0,0,0,0,0,0,0,0,0.0285714,0,0,0,0,0,0,0,0,0.0190476,0,0,0,0,0,0,0,0.0190476,0,0.00952381,0,0,0.00952381,0,0,0.00952381,0.0285714,0.00952381,0,0,0.00952381,0,0.0380952,0,0.0190476,0.00952381,0,0.00952381,0.00952381,0,0,0.0190476,0,0,0,0.0190476,0.047619,0.00952381,0,0,0,0,0,0,0,6
0.00662252,0.00662252,0,0,0.00662252,0,0,0,0,0.00662252,0.00662252,0,0,0,0,0.00662252,0,0.00662252,0,0,0,0.00662252,0,0,0,0.00662252,0,0,0.00662252,0,0,0,0,0,0.00662252,0,0,0.00662252,0.013245,0.00662252,0.00662252,0.00662252,0.119205,0.00662252,0,0.00662252,0,0.00662252,0.0198676,0,0,0,0,0,0,0,0,0,0.00662252,0,0,0,0.00662252,0,0,0.00662252,0,0,0.013245,0,0,0,0,0,0,0.00662252,0,0,0,0.00662252,0,0,0,0,0.00662252,0,0,0,0,0.013245,0,0,0,0.00662252,0,0,0.00662252,0.0264901,0.00662252,0,0.00662252,0,0.013245,0,0,0,0.00662252,0,0,0.0198676,0.013245,0,0.0198676,0.00662252,0.0794702,0,0.00662252,0,0,0,0.00662252,0.00662252,0,0.00662252,0,0,0.00662252,0,0,0.0397351,0,0,0,0,0,0,0,0,0,0.0397351,0.00662252,0,0.00662252,0,0,0,0,0.0198676,0.013245,0.00662252,0,0,0,0,0,0,0,0.0331126,0,0,0.00662252,0,0.00662252,0,0,0,0.0529801,0,0.0198676,0,0,0,0,0.00662252,0,0,0.00662252,0,0.00662252,0,0,0,0,0,0.013245,0,0,0.0397351,0,0,0,0.013245,0.00662252,0.0198676,0,0,0,0.00662252,0.0463576,0,7
0.00571429,0,0,0.00571429,0,0.00571429,0,0,0.00571429,0.00571429,0.00571429,0,0.00571429,0,0,0,0.00571429,0,0,0.0171429,0,0,0.00571429,0.0171429,0,0,0,0,0,0.00571429,0,0,0.0114286,0,0,0,0,0.00571429,0.0228571,0.0114286,0,0,0.137143,0.00571429,0,0,0,0,0.00571429,0.0114286,0,0,0.00571429,0,0,0.00571429,0,0,0.00571429,0,0.00571429,0,0,0,0.00571429,0,0,0,0.0228571,0,0,0,0,0,0,0,0,0,0,0,0,0,0,0.00571429,0,0,0,0,0,0.0114286,0,0,0,0,0,0,0,0.04,0.0171429,0,0,0,0,0.00571429,0,0,0.00571429,0,0,0.00571429,0.0171429,0,0,0,0.0971429,0,0,0,0,0.00571429,0,0,0,0.00571429,0,0,0,0,0.0342857,0.04,0.00571429,0,0,0,0,0,0.00571429,0,0,0.0228571,0,0,0.0114286,0,0,0,0,0.00571429,0,0.00571429,0,0,0,0,0,0,0,0.0285714,0,0,0,0,0,0,0,0.0114286,0.0685714,0,0.00571429,0,0,0.0285714,0,0,0,0,0,0,0,0.00571429,0,0,0,0,0.08,0,0,0,0.00571429,0,0,0.0171429,0,0,0,0.00571429,0,0,0.04,0,8
0,0,0,0.00884956,0,0,0,0.00442478,0,0,0,0,0,0,0,0,0,0.00442478,0,0.0265487,0,0.0132743,0.0132743,0,0.00442478,0,0,0,0.00442478,0,0,0,0.00884956,0.00442478,0,0,0.00442478,0,0.0221239,0,0.00442478,0,0.0442478,0.0176991,0,0.00442478,0,0.00442478,0.0132743,0.00442478,0.00442478,0.00442478,0,0,0.00442478,0.00442478,0,0.00442478,0,0.00442478,0.00884956,0,0,0,0.00442478,0.0132743,0,0,0.00884956,0,0,0,0,0,0,0,0.00442478,0,0.00442478,0,0.00442478,0,0.00442478,0.00884956,0,0,0,0,0,0.0221239,0,0.00442478,0,0,0,0,0,0.0132743,0.00442478,0,0.00884956,0.00442478,0,0.00442478,0,0,0.00442478,0,0,0.0176991,0.0132743,0,0.00442478,0.00442478,0.0840708,0.00442478,0,0,0,0,0,0.00442478,0,0.00884956,0.00442478,0,0,0,0.00442478,0.0221239,0.00884956,0,0,0,0,0.00442478,0,0,0,0.0265487,0.0132743,0.00442478,0.00884956,0.00442478,0,0,0,0.0265487,0,0,0,0,0,0.00442478,0,0,0,0.0265487,0,0,0.0132743,0,0,0,0.00442478,0,0.0353982,0,0.00442478,0,0.00442478,0.0265487,0,0.00442478,0,0,0,0,0.00884956,0,0,0,0,0,0.141593,0,0,0.0132743,0,0,0.00884956,0.0176991,0.00442478,0,0.00442478,0.00442478,0,0.00442478,0.0309735,0,9
0.00495049,0,0,0,0.00495049,0,0,0.00495049,0,0,0,0,0,0,0,0,0.0148515,0,0,0.00495049,0,0.00495049,0,0,0,0.00495049,0.00495049,0.00495049,0,0,0,0,0.00990099,0,0.00495049,0,0,0,0.0247525,0.00990099,0,0,0.0247525,0.0247525,0.00495049,0.00495049,0,0,0.00495049,0,0,0.00495049,0,0.00495049,0.00495049,0.0148515,0,0,0.00495049,0.00495049,0,0,0,0,0.00495049,0.00990099,0,0,0.00990099,0,0,0,0.00495049,0.00495049,0,0,0.00495049,0.00495049,0,0.00495049,0,0,0.00990099,0.00990099,0,0,0.00495049,0.00495049,0,0.00990099,0,0.00990099,0,0.00495049,0,0.00990099,0.00495049,0.019802,0.0148515,0,0,0,0,0.00495049,0,0,0,0,0,0.00495049,0.0148515,0,0.00990099,0,0.118812,0,0,0,0.00495049,0,0,0,0,0.00990099,0,0,0.00495049,0,0.00990099,0.00990099,0.00495049,0,0,0,0,0,0,0.00495049,0,0.029703,0,0,0.0148515,0.00495049,0,0,0,0.019802,0.00495049,0.00990099,0,0.00495049,0,0,0.00495049,0,0,0.0247525,0,0,0,0.00495049,0.00495049,0,0.00495049,0.00495049,0.0148515,0,0.00990099,0,0.00495049,0.039604,0,0,0,0,0,0.00495049,0,0.00495049,0,0,0,0,0.118812,0,0.00495049,0.00990099,0,0,0,0.0148515,0.00990099,0.00495049,0,0,0,0.0148515,0.039604,0,10
0,0,0.0240964,0.0120482,0,0.0120482,0,0,0,0,0,0,0.0120482,0,0,0,0.0120482,0,0,0,0,0,0.0120482,0,0,0.0120482,0,0,0,0,0,0,0,0,0,0,0,0,0.0722892,0,0,0,0.060241,0,0,0,0,0.0240964,0,0,0,0,0.0240964,0,0,0.0120482,0,0,0,0.0120482,0,0,0,0,0,0.0240964,0,0,0.0481928,0,0,0,0.0120482,0,0,0,0,0,0,0,0,0,0,0.0240964,0,0,0,0.0240964,0,0.0120482,0,0,0,0,0,0,0,0,0,0,0.0120482,0,0,0.0120482,0,0.0120482,0,0,0,0,0,0.0120482,0,0,0.060241,0,0.0120482,0,0.0120482,0,0,0,0.0120482,0,0,0,0,0,0.0120482,0.0240964,0,0,0.0120482,0,0,0,0,0.0240964,0,0,0.0240964,0,0.060241,0,0,0,0,0.0361446,0,0,0.0120482,0.0120482,0,0.0120482,0.0120482,0.0120482,0,0.0240964,0,0,0,0,0,0,0,0,0.0361446,0,0,0,0,0.0120482,0,0,0,0,0,0.0120482,0,0,0,0,0,0,0,0,0,0.0240964,0,0,0,0,0,0.0120482,0.0120482,0,0,0.0120482,0.0120482,0,11
0.0142857,0,0,0,0.00714286,0.00714286,0,0.00714286,0.00714286,0,0,0,0,0,0,0,0,0,0,0.00714286,0,0.00714286,0,0.00714286,0.00714286,0.00714286,0.00714286,0,0.00714286,0,0,0,0,0.0142857,0,0,0,0.0142857,0.00714286,0,0.00714286,0,0.0928571,0.00714286,0,0.0142857,0,0,0.0285714,0,0,0.00714286,0,0.00714286,0,0.0142857,0,0,0,0.0142857,0.00714286,0,0.00714286,0,0,0.00714286,0,0,0.0142857,0,0,0,0,0.00714286,0,0,0,0,0,0.00714286,0,0,0.0142857,0,0.0142857,0,0,0.00714286,0.00714286,0.0214286,0,0,0,0,0.0142857,0,0,0.0214286,0,0,0,0,0,0.00714286,0,0,0.00714286,0,0,0.0214286,0.00714286,0.00714286,0.00714286,0,0.0714286,0.00714286,0,0,0,0,0,0.0142857,0,0,0,0,0,0,0,0.0214286,0.00714286,0,0,0,0,0,0,0,0,0,0.0142857,0,0.0214286,0.00714286,0,0,0,0.0285714,0.00714286,0.00714286,0,0.00714286,0,0.00714286,0,0.00714286,0.0142857,0.0428571,0,0,0,0,0,0,0,0.00714286,0.0642857,0,0,0,0,0.0142857,0,0,0,0,0,0,0,0,0,0,0,0,0,0,0,0.0571429,0,0,0,0.0142857,0,0.00714286,0,0,0,0.0142857,0.00714286,0,12
0.0114286,0,0,0,0,0.00571429,0,0,0.00571429,0.00571429,0.00571429,0.0114286,0,0.00571429,0,0,0,0,0,0.0114286,0,0.0114286,0,0,0,0.00571429,0,0,0,0,0,0.00571429,0,0,0,0.0171429,0,0,0.0171429,0.0171429,0,0,0.0628571,0.0114286,0.00571429,0,0,0,0.00571429,0,0.00571429,0,0.00571429,0,0,0.0114286,0,0.00571429,0,0.00571429,0,0,0,0,0.00571429,0.00571429,0,0,0,0,0,0,0.00571429,0,0,0,0,0.00571429,0,0,0,0,0.00571429,0,0,0,0,0.00571429,0,0.00571429,0,0,0,0,0,0,0,0.0285714,0.0171429,0,0.00571429,0,0,0.0114286,0,0,0.00571429,0,0,0.00571429,0.04,0,0,0,0.0628571,0,0,0,0,0,0,0,0,0,0,0,0.00571429,0,0.0114286,0.0685714,0,0.00571429,0,0,0,0,0,0,0,0.0171429,0,0,0,0,0.00571429,0.00571429,0,0.0114286,0,0,0,0.0114286,0,0,0.00571429,0,0,0.0514286,0,0,0.00571429,0,0,0,0,0,0.0914286,0,0.0171429,0,0,0.0171429,0,0,0,0.00571429,0.00571429,0,0,0.00571429,0,0,0.00571429,0,0.102857,0,0,0.0171429,0,0,0.00571429,0.0114286,0.0114286,0,0,0,0,0,0.0171429,0.00571429,13
0,0.00840336,0,0.00420168,0.00420168,0,0,0.00840336,0,0,0,0,0.00420168,0,0.00420168,0,0,0,0,0.012605,0.00420168,0.00420168,0.00420168,0.00420168,0.00420168,0,0,0,0.00420168,0,0,0,0.00840336,0,0,0.00420168,0.00420168,0,0.0210084,0,0,0.00840336,0.0168067,0.00840336,0.00420168,0.012605,0,0.00420168,0.00840336,0,0,0.00840336,0.00420168,0,0,0.00840336,0,0,0,0,0,0,0.00420168,0,0.00840336,0.0168067,0,0,0.0252101,0,0,0,0.00840336,0.00420168,0,0,0.00420168,0,0.00420168,0,0.00420168,0.00420168,0.00840336,0,0,0.00420168,0,0,0.00420168,0.0168067,0,0,0,0.00420168,0,0.00420168,0,0.012605,0,0,0.00420168,0,0.00420168,0.012605,0,0,0.00420168,0,0.00420168,0.0168067,0.0252101,0.00420168,0,0,0.0840336,0,0,0,0,0,0,0.00420168,0,0,0,0,0.00420168,0.00420168,0.00420168,0.0546219,0.00420168,0,0,0,0,0.00420168,0,0,0,0.00840336,0.00420168,0,0.00840336,0,0,0,0,0.0210084,0.00840336,0.00420168,0,0.00840336,0,0,0.00840336,0,0,0.0378151,0,0,0,0,0.00420168,0.00840336,0,0,0.0252101,0,0.00420168,0.00420168,0,0.0672269,0.00840336,0,0,0.00420168,0,0,0,0,0,0,0,0,0.138655,0,0,0.0210084,0,0,0.00420168,0,0,0,0.00420168,0.00420168,0.00420168,0,0.0168067,0,14
0.00478469,0,0,0,0,0.00956938,0,0,0,0,0,0,0.00478469,0,0.00478469,0,0.00956938,0.00478469,0.00478469,0.0143541,0,0,0.00478469,0,0,0,0,0,0.00956938,0,0.00478469,0,0,0,0,0,0,0,0.0334928,0,0,0,0.0239234,0.0143541,0,0,0.00478469,0,0.00478469,0,0,0,0.00478469,0,0,0.0191388,0,0,0,0.00478469,0,0,0,0.00478469,0,0.00478469,0,0,0.0143541,0,0,0,0,0.00478469,0,0.00478469,0,0,0,0,0,0,0,0.0191388,0,0,0,0,0,0.00478469,0,0.00478469,0,0.00478469,0,0.00478469,0.00956938,0.0143541,0.0143541,0,0,0,0.00478469,0.00478469,0,0,0,0,0,0.0143541,0,0,0.00478469,0,0.0813397,0.00478469,0,0,0,0,0,0.00478469,0.00478469,0,0.00478469,0,0,0,0.00956938,0.00478469,0,0.00478469,0,0,0,0,0,0.00478469,0.00478469,0.0191388,0.00478469,0.00478469,0.00478469,0.00478469,0.00478469,0.00478469,0,0.0143541,0.00478469,0,0,0,0,0,0,0,0.00478469,0.0574163,0,0,0,0,0,0,0.00478469,0.00478469,0.00956938,0.00956938,0.00956938,0,0,0.062201,0.0191388,0.00478469,0,0,0,0,0,0,0,0,0,0,0.177033,0,0,0.00956938,0.00478469,0,0.00478469,0.0239234,0,0.0143541,0,0.00956938,0,0.00478469,0.0334928,0.00956938,15
0.0172414,0,0,0,0,0,0,0,0,0,0,0,0,0,0,0.0172414,0,0,0.0172414,0.0172414,0,0.0172414,0,0,0,0,0,0,0,0.0172414,0.0172414,0,0,0,0,0,0,0,0,0.0172414,0,0.0172414,0,0,0,0,0,0,0.0344828,0,0,0,0,0,0,0,0,0,0,0.0172414,0.0344828,0,0.0689655,0.0172414,0,0.0172414,0,0,0,0,0,0,0,0,0,0,0,0,0,0,0,0,0,0,0,0,0,0,0,0.0172414,0,0,0,0,0.0172414,0,0,0,0,0,0,0,0,0.0344828,0.0172414,0,0,0,0,0.0172414,0,0,0,0,0.0172414,0,0.0172414,0,0,0,0,0,0,0,0,0,0,0,0,0.0172414,0,0,0,0.0172414,0,0,0,0,0,0,0,0,0.0344828,0,0,0,0,0.0689655,0.0172414,0,0,0,0,0,0,0,0,0.0517241,0,0,0.0172414,0,0,0,0.0172414,0.0172414,0.103448,0,0,0,0,0,0,0,0,0,0,0,0,0,0,0,0,0,0,0,0.0172414,0.0517241,0.0172414,0,0,0,0,0.0172414,0,0.0344828,0,0,0.0172414,0,16
0.00840336,0.00840336,0,0.00840336,0,0.00840336,0.00840336,0.00840336,0,0,0.00840336,0,0,0,0,0.00840336,0,0,0.0168067,0,0,0,0.00840336,0.00840336,0,0.00840336,0.00840336,0.00840336,0,0,0,0,0.00840336,0,0.0168067,0,0,0,0.00840336,0,0,0,0.00840336,0,0.00840336,0,0,0,0,0,0,0.0336134,0.0168067,0,0,0.0168067,0,0.0168067,0,0,0.00840336,0,0,0,0,0.0420168,0,0,0,0,0,0,0,0,0,0,0,0,0,0,0,0,0.00840336,0.00840336,0,0,0.00840336,0,0,0,0,0,0,0,0.00840336,0,0.0168067,0.0168067,0,0,0,0,0,0,0,0,0,0,0,0.0336134,0,0,0,0,0.0252101,0.00840336,0,0,0,0.00840336,0.00840336,0.00840336,0,0,0.00840336,0,0,0.00840336,0.00840336,0.0336134,0,0,0,0,0.00840336,0,0.00840336,0,0.00840336,0,0,0,0.0252101,0.0168067,0.00840336,0,0,0.0756303,0.00840336,0.0168067,0,0.0168067,0,0,0,0.00840336,0,0.0168067,0,0,0.00840336,0,0,0.00840336,0.0252101,0,0.092437,0,0.0168067,0.00840336,0,0,0.0252101,0,0,0,0,0,0,0.00840336,0,0,0,0,0,0,0,0,0,0,0,0,0,0.00840336,0,0.0168067,0.00840336,0.00840336,0.00840336,0.00840336,17
0,0,0,0,0,0.00636943,0,0.00636943,0,0,0,0,0,0,0,0.0127389,0,0,0.00636943,0.00636943,0,0,0,0,0,0,0,0,0.00636943,0,0,0.00636943,0.00636943,0,0,0,0,0,0.00636943,0.00636943,0,0,0.0191083,0.0127389,0.0127389,0,0,0.0191083,0.00636943,0,0,0,0.0191083,0.00636943,0,0,0,0,0.0127389,0.00636943,0,0,0.00636943,0,0,0.00636943,0,0,0.0318471,0,0,0,0,0,0,0.00636943,0.00636943,0,0,0,0,0,0.00636943,0,0,0,0,0,0,0,0,0.00636943,0,0,0.00636943,0,0,0.0254777,0,0,0,0,0,0.00636943,0,0,0,0,0,0.00636943,0.0191083,0,0.00636943,0,0.0828025,0,0.00636943,0.00636943,0,0,0,0,0,0,0,0,0.00636943,0,0,0.0764331,0.00636943,0,0,0,0,0.00636943,0,0.00636943,0,0.00636943,0.00636943,0.00636943,0.00636943,0.00636943,0,0,0,0.0127389,0,0,0.00636943,0.0191083,0,0.00636943,0.00636943,0,0,0.0382166,0,0,0,0,0,0,0,0,0.0828025,0,0.0382166,0,0,0.0254777,0,0,0,0,0,0,0,0.00636943,0,0,0,0,0.11465,0,0,0.0254777,0,0,0.00636943,0.0127389,0,0,0,0.0127389,0,0,0.0318471,0,18
0,0,0,0,0.0045045,0.0045045,0,0,0.0045045,0,0.0045045,0,0,0.0045045,0.0045045,0.0045045,0,0.0045045,0,0.0135135,0.0045045,0.0045045,0,0.0045045,0.0045045,0.0045045,0.0045045,0,0.0045045,0.0045045,0.00900901,0,0.0045045,0,0.0045045,0.0045045,0,0.0045045,0.018018,0,0.0045045,0,0.00900901,0,0.00900901,0,0,0,0.0045045,0.0045045,0,0.0045045,0.0045045,0.0045045,0,0,0,0.0045045,0,0.0135135,0.0045045,0.00900901,0.0045045,0,0.0045045,0.0135135,0,0,0.0135135,0,0,0,0,0,0,0.00900901,0,0,0,0,0,0,0.0045045,0.0135135,0.0045045,0.0045045,0,0.0045045,0,0.00900901,0,0,0,0.0045045,0,0,0.0045045,0.00900901,0.00900901,0,0,0,0,0.00900901,0,0,0.00900901,0.0045045,0,0.00900901,0.0135135,0.0045045,0,0,0.0675676,0.0045045,0,0,0.0045045,0,0,0,0.0045045,0,0,0,0,0,0,0.0540541,0.0045045,0,0.0045045,0,0,0,0,0.0045045,0.0045045,0.0135135,0.0135135,0,0.018018,0,0.0135135,0.0045045,0,0.0225225,0.0045045,0.0045045,0,0,0.0045045,0,0,0,0,0.027027,0,0,0,0,0,0,0,0,0.0315315,0.0045045,0,0,0,0.027027,0,0,0,0,0,0,0.00900901,0.0045045,0,0,0.0045045,0.0045045,0.193694,0,0,0.018018,0,0,0.0045045,0.00900901,0,0,0.0045045,0.0045045,0,0.00900901,0.0225225,0,19
0,0,0,0.00478469,0.0143541,0.00956938,0,0,0,0,0.00478469,0,0.00956938,0,0,0.00478469,0.0143541,0,0,0.00478469,0,0.00956938,0.00478469,0,0,0,0,0,0.00478469,0,0,0,0.00478469,0,0,0.0191388,0,0,0.0287081,0,0,0,0.0191388,0.00478469,0,0,0,0,0.00478469,0,0.00478469,0.00956938,0,0,0,0,0,0,0,0.00478469,0.00956938,0,0,0,0.00478469,0.00956938,0,0,0.0239234,0,0,0,0,0,0.00478469,0.00478469,0,0,0,0,0.00478469,0,0.00478469,0,0,0,0,0.00478469,0.00478469,0.00478469,0,0,0,0,0,0,0.00478469,0.0191388,0.0143541,0.00478469,0,0,0,0.00478469,0,0,0,0,0,0,0.0143541,0,0.00956938,0,0.0956938,0.00478469,0,0.00478469,0,0,0,0,0,0,0,0,0,0,0.00478469,0.00956938,0,0.00478469,0,0,0.00478469,0.00478469,0,0,0,0,0.00478469,0,0.0143541,0.00478469,0,0.00478469,0.00478469,0.0143541,0,0.00956938,0.00956938,0.00478469,0,0,0,0,0,0.0574163,0,0,0,0,0,0.00478469,0,0,0.0430622,0,0.0143541,0,0,0.0382775,0.00956938,0,0,0,0,0,0,0,0,0,0,0,0.205742,0.00478469,0,0.0191388,0,0,0.00478469,0.0191388,0,0.00956938,0,0.00478469,0,0.00478469,0.0143541,0,20
0,0,0,0,0,0,0,0,0,0,0,0,0,0,0,0.0204082,0.0204082,0,0,0,0,0.0408163,0,0.0204082,0.0204082,0,0,0,0,0,0,0,0,0,0.0204082,0,0,0,0,0,0,0,0.0204082,0,0,0,0,0,0,0,0,0,0,0,0,0,0,0,0,0,0,0,0.0204082,0,0,0.0408163,0.0204082,0,0,0,0,0,0,0,0,0,0,0.0204082,0,0,0,0,0,0.0204082,0,0,0,0,0,0.0204082,0,0,0,0,0.0204082,0,0,0.0204082,0,0,0,0,0.0204082,0,0,0,0,0,0,0,0,0,0,0,0.0816327,0,0,0,0,0,0,0,0,0,0,0,0,0,0,0.0204082,0,0.0204082,0,0,0,0,0,0.0204082,0,0,0,0,0.102041,0,0,0,0,0.0612245,0,0.0612245,0,0,0,0,0,0,0,0,0,0,0,0,0,0,0,0,0.122449,0,0,0,0,0,0.0204082,0,0,0.0204082,0,0,0,0,0,0,0,0,0,0,0,0.0204082,0,0,0,0.0204082,0,0.0204082,0,0.0204082,0,0,0.0204082,0,21
0.00884956,0,0,0,0,0.00884956,0,0,0,0,0.00884956,0.00884956,0,0.00884956,0.00884956,0.00884956,0,0,0,0.00884956,0.00884956,0.0176991,0.0176991,0,0,0,0.00884956,0,0,0,0,0,0.0176991,0,0.00884956,0,0,0,0.0176991,0,0.00884956,0,0.00884956,0,0.00884956,0.00884956,0,0.00884956,0.00884956,0,0,0.0176991,0.00884956,0,0.00884956,0.00884956,0,0,0,0,0,0,0,0,0.00884956,0.00884956,0.00884956,0,0,0,0,0,0,0,0,0,0,0,0,0,0,0,0,0.00884956,0,0,0,0,0.00884956,0.0353982,0,0,0,0,0,0,0,0.0265487,0.00884956,0,0,0,0,0.0176991,0,0,0,0,0,0.00884956,0,0,0,0.00884956,0.0530973,0.00884956,0,0,0,0,0,0,0,0,0.00884956,0,0,0,0.00884956,0.0973451,0,0.00884956,0,0,0,0,0,0,0,0,0,0.00884956,0.0176991,0,0.00884956,0,0.00884956,0,0,0.0176991,0,0,0,0,0.00884956,0,0,0,0,0,0,0,0,0.00884956,0.0176991,0,0.0707965,0,0.00884956,0,0,0.0176991,0.00884956,0,0,0,0,0,0.00884956,0,0,0,0,0,0,0.00884956,0.00884956,0.00884956,0,0,0,0.0176991,0.0176991,0,0,0.0176991,0,0.0353982,0.0707965,0,22
0,0,0,0,0.0124224,0.00621118,0,0,0,0,0.00621118,0,0,0.00621118,0.00621118,0,0,0,0,0.00621118,0,0.00621118,0.0124224,0,0,0,0.00621118,0,0,0.00621118,0,0,0.00621118,0,0.00621118,0.0186335,0,0.0124224,0.0124224,0,0.00621118,0,0.0124224,0.00621118,0.00621118,0,0,0,0,0.00621118,0,0,0.00621118,0,0,0.00621118,0.00621118,0,0,0,0.00621118,0,0.0186335,0,0,0.0186335,0.00621118,0,0.0124224,0,0,0,0,0.0124224,0,0,0.00621118,0,0,0,0,0,0.0186335,0,0,0,0,0,0,0.00621118,0,0.00621118,0,0.00621118,0.0124224,0.0124224,0,0.0186335,0.0186335,0.00621118,0,0.00621118,0,0.0248447,0,0,0.0124224,0,0.00621118,0.0124224,0.0124224,0,0,0.0124224,0.0372671,0.00621118,0,0,0,0,0,0,0,0,0,0,0.00621118,0.00621118,0.00621118,0.0745342,0.00621118,0,0,0.00621118,0,0,0,0,0,0,0.00621118,0.00621118,0.0124224,0.00621118,0.0124224,0,0,0.0124224,0,0,0,0.0248447,0,0,0,0,0.00621118,0,0,0,0.0124224,0,0,0.00621118,0.0124224,0.00621118,0.068323,0,0.00621118,0.00621118,0,0.0248447,0,0,0,0,0,0.00621118,0,0,0,0,0,0,0.0807453,0,0,0.00621118,0,0,0,0.0186335,0,0.00621118,0,0,0,0,0.0434783,0,23
0,0,0,0.00934579,0.0046729,0.00934579,0,0,0,0,0,0.0046729,0.0046729,0,0,0,0,0,0.0046729,0.0046729,0,0,0.0046729,0,0.0046729,0.0046729,0,0,0.00934579,0,0,0.0046729,0.0046729,0,0,0,0,0,0.0233645,0,0,0.0046729,0.0373832,0.0046729,0,0,0,0,0.0046729,0,0,0,0,0,0,0,0.0046729,0,0.0046729,0.0046729,0.0140187,0,0,0,0,0.00934579,0,0,0.0186916,0.0046729,0,0,0,0,0,0,0,0.00934579,0,0,0.0046729,0,0.0046729,0.0140187,0,0.0046729,0,0.0046729,0,0.00934579,0,0.0046729,0,0.00934579,0,0,0.0046729,0.0140187,0.00934579,0,0,0,0.0046729,0,0,0,0,0,0,0.0233645,0.0046729,0,0,0,0.0700935,0,0,0,0,0.0046729,0.0046729,0.0046729,0,0,0,0,0,0,0,0.0420561,0,0,0,0,0.0046729,0,0,0.0046729,0.00934579,0.0046729,0,0,0.0280374,0,0.0046729,0.0140187,0,0.0280374,0,0.00934579,0,0.00934579,0,0.0046729,0,0,0,0.0700935,0,0,0,0,0,0,0.0046729,0,0.0186916,0,0.0046729,0,0,0.0514019,0,0,0,0,0,0,0.0046729,0.0046729,0,0,0.00934579,0,0.154206,0,0.0046729,0.0186916,0.0046729,0,0,0.0140187,0,0,0,0.0046729,0.0046729,0.0046729,0.0373832,0,24
0,0,0,0,0.00431034,0,0,0.00431034,0,0,0.00862069,0,0,0.00431034,0,0,0.00431034,0,0.00431034,0.00862069,0,0.00431034,0,0,0,0,0,0,0.012931,0,0,0,0.0172414,0,0.00431034,0.00862069,0,0.00431034,0.0172414,0,0.00431034,0,0.0517241,0.00431034,0,0,0,0.00431034,0,0,0,0.00431034,0.00862069,0,0,0.012931,0,0,0,0.00431034,0,0,0,0,0.00431034,0.012931,0,0,0.0172414,0,0,0,0,0.00431034,0,0.00431034,0,0,0,0,0,0.00431034,0.012931,0,0,0,0,0,0,0.012931,0,0,0,0,0,0,0,0.0172414,0.0258621,0.00431034,0,0,0.00862069,0.00431034,0,0,0.00431034,0.00862069,0,0.0172414,0.0172414,0,0,0,0.0948276,0,0,0,0,0,0,0,0,0,0,0,0,0,0.00431034,0.012931,0,0,0,0,0.00862069,0,0.00862069,0,0,0,0,0,0.0172414,0.012931,0,0.00862069,0,0.012931,0,0,0.00431034,0,0,0,0.00862069,0,0,0.0603448,0,0,0,0,0,0.00431034,0.00431034,0.00431034,0.0387931,0,0.012931,0,0,0.0387931,0,0,0,0,0,0,0.00862069,0,0,0,0,0,0.189655,0,0,0.0215517,0,0,0,0.0258621,0,0,0,0,0.00431034,0,0.00431034,0.00431034,25
0.0425532,0,0,0,0,0.0425532,0,0,0,0,0,0,0,0,0,0,0,0,0,0.0212766,0,0,0,0.0212766,0,0,0,0,0,0,0.0212766,0,0,0,0,0,0,0.0425532,0.0425532,0.0212766,0,0,0.0212766,0,0,0,0,0,0,0,0,0,0,0,0.0212766,0.0425532,0,0,0,0,0,0.0212766,0,0,0,0.0425532,0,0,0.0212766,0,0,0,0,0,0,0,0,0,0,0,0,0,0.0212766,0.0212766,0,0,0,0,0,0,0,0,0,0,0,0,0,0.0425532,0,0,0,0,0,0,0,0,0,0,0,0.0212766,0.0212766,0,0,0,0.0425532,0,0,0,0,0,0,0.0212766,0,0.0212766,0,0,0.0212766,0,0.0212766,0,0,0,0,0,0,0,0,0,0,0.0212766,0,0,0,0,0,0,0,0.0425532,0,0,0,0,0,0.0425532,0,0,0,0,0,0,0,0,0,0,0,0,0.0212766,0,0.0425532,0,0,0,0.0212766,0,0,0,0,0,0,0,0,0,0,0,0,0,0,0.0638298,0,0,0.0212766,0,0,0,0,0,0,0,0.0425532,0,26
0,0,0,0.00840336,0,0,0,0,0,0.00840336,0.00840336,0,0.00840336,0.00840336,0,0.0168067,0.0168067,0,0,0.00840336,0,0.00840336,0,0,0.00840336,0,0.00840336,0,0.00840336,0,0.0168067,0.00840336,0,0,0,0,0,0.00840336,0,0,0,0,0.0504202,0.0252101,0,0.00840336,0.00840336,0,0,0,0,0,0,0,0,0,0,0,0,0,0,0,0,0,0.0168067,0.0168067,0,0,0.00840336,0.00840336,0,0,0,0.0168067,0,0,0,0,0,0,0,0,0.00840336,0.00840336,0,0,0,0,0,0.0252101,0,0,0,0.00840336,0,0,0,0,0.00840336,0,0,0,0.00840336,0.0168067,0,0,0,0,0,0.0168067,0.0252101,0,0,0,0.0756303,0,0,0,0,0.00840336,0,0.00840336,0,0,0,0,0,0,0.00840336,0.00840336,0.00840336,0,0,0,0,0,0,0.00840336,0,0.0336134,0.00840336,0.00840336,0.0504202,0,0,0.00840336,0,0.0168067,0,0,0.00840336,0.00840336,0,0,0.0168067,0,0.00840336,0,0,0,0,0,0,0,0,0,0.0336134,0,0.00840336,0,0,0.0336134,0.00840336,0,0,0,0,0,0,0,0,0.00840336,0,0,0.0252101,0,0,0.0252101,0.00840336,0,0,0.00840336,0,0.00840336,0,0.00840336,0.00840336,0.0252101,0.0588235,0,27
0,0.00549451,0,0.010989,0.00549451,0,0,0.00549451,0,0,0,0,0.00549451,0,0,0,0,0,0.00549451,0.010989,0,0.010989,0,0,0.00549451,0,0,0,0.010989,0,0.010989,0,0,0,0.00549451,0,0,0.010989,0.010989,0.00549451,0.00549451,0,0.043956,0.0164835,0,0,0,0,0.0164835,0,0.00549451,0.00549451,0,0,0,0.00549451,0,0,0.00549451,0,0.00549451,0,0.00549451,0,0.00549451,0.010989,0.00549451,0,0.00549451,0,0,0,0.010989,0,0,0.00549451,0.00549451,0,0,0,0,0,0.021978,0.010989,0,0,0.0164835,0,0,0.0274725,0,0,0,0,0.00549451,0,0.0164835,0.010989,0.0164835,0,0,0.00549451,0,0.00549451,0,0.00549451,0,0,0,0.010989,0.010989,0,0.00549451,0.00549451,0.0934066,0.010989,0,0,0,0.00549451,0,0,0,0.010989,0,0.00549451,0,0,0,0.010989,0.00549451,0,0,0,0,0,0,0,0.00549451,0.00549451,0.0164835,0,0.0274725,0,0,0.00549451,0,0.0274725,0,0,0,0.00549451,0,0,0.0164835,0,0,0.032967,0,0,0,0,0,0,0.00549451,0.00549451,0.0274725,0,0,0,0.00549451,0.0164835,0.00549451,0.00549451,0,0,0,0,0.00549451,0,0,0,0,0,0.0934066,0,0,0.0164835,0,0,0,0.021978,0.00549451,0,0,0.00549451,0,0,0.032967,0,28
0.00909091,0,0,0,0.00454545,0.00909091,0,0,0,0,0,0.00454545,0.00909091,0,0,0,0.00454545,0,0,0,0,0.00454545,0.00909091,0,0,0.00454545,0,0,0,0,0,0,0,0,0.00454545,0,0,0.00909091,0.0272727,0,0,0.00454545,0.0318182,0.00454545,0.00454545,0,0.00454545,0,0.00909091,0.00909091,0,0,0,0,0.00454545,0.00909091,0,0.00454545,0.00454545,0.0136364,0.00454545,0,0,0,0.00909091,0.0136364,0.00454545,0,0.0318182,0,0,0,0,0,0,0,0,0,0.00454545,0,0,0,0.00454545,0.00909091,0.00454545,0,0,0.00454545,0,0.0272727,0,0.00454545,0.00454545,0,0,0.00454545,0,0.0409091,0.0181818,0,0,0.00454545,0,0.00454545,0,0,0,0,0,0.00909091,0.0136364,0,0.00454545,0,0.1,0,0,0.00454545,0,0,0,0.00909091,0,0,0,0,0.00454545,0,0,0.0181818,0.00454545,0,0,0,0,0.00909091,0,0.00454545,0,0,0.0136364,0,0.00454545,0,0.00454545,0.00454545,0,0.00454545,0.00454545,0,0,0.00454545,0.00454545,0,0,0,0,0.0863636,0,0,0,0,0,0,0,0,0.0272727,0,0.00909091,0,0,0.0227273,0.00454545,0.00454545,0,0,0,0,0,0,0,0,0,0,0.131818,0,0,0.0272727,0,0,0,0.00454545,0,0.0227273,0,0,0,0.00454545,0.0181818,0.00454545,29
0.00727273,0.00363636,0,0,0.00363636,0,0,0.00363636,0,0.00363636,0.00363636,0.00363636,0,0,0.00727273,0.00363636,0,0,0,0.00727273,0,0.00727273,0.00363636,0,0,0,0,0,0,0,0.00727273,0,0.0181818,0,0,0.00363636,0,0,0,0,0,0,0.0545455,0.0109091,0.00363636,0,0,0,0.00363636,0,0,0.00727273,0,0,0,0.00727273,0,0,0,0.0109091,0,0,0.00363636,0,0,0.0145455,0,0,0.0181818,0,0,0,0,0,0.00363636,0,0,0,0,0,0,0,0,0,0,0,0,0,0,0.00363636,0,0,0,0,0,0,0,0.0181818,0.0254545,0,0,0,0.00727273,0.00363636,0.00363636,0,0.00363636,0,0,0.0181818,0.0218182,0.00363636,0,0,0.0945455,0.00363636,0,0.00363636,0,0,0,0,0.00727273,0,0,0,0,0,0.0145455,0.00363636,0,0,0,0,0,0,0,0,0.00363636,0,0.00363636,0,0.0254545,0.00363636,0.00363636,0.00727273,0.00363636,0.0254545,0,0.00363636,0,0,0,0.00363636,0.00363636,0,0,0.08,0,0,0,0,0,0.00363636,0,0,0.0254545,0,0.00363636,0.00363636,0,0.0509091,0.00727273,0,0,0,0,0.00363636,0,0,0,0,0,0.00727273,0.181818,0,0,0.0218182,0,0,0.00363636,0.0327273,0,0.00363636,0,0.0181818,0.00363636,0,0,0,30
0,0.0105263,0.0105263,0.0105263,0,0,0,0,0.0105263,0,0,0,0,0,0,0,0,0.0105263,0,0.0105263,0,0,0.0105263,0,0,0.0105263,0.031579,0,0.0105263,0,0,0,0.0105263,0.0105263,0.0105263,0,0.0105263,0.0105263,0.0421053,0.0105263,0,0,0.0842105,0.0105263,0,0,0,0,0.0210526,0,0,0.0105263,0.0105263,0,0,0,0,0,0,0,0,0,0.0105263,0,0,0,0,0,0.0210526,0,0,0,0.0105263,0,0,0,0,0,0,0,0.0105263,0,0,0.0105263,0,0,0,0,0,0.0105263,0,0,0,0.0210526,0.0210526,0.0210526,0,0,0,0.0105263,0,0,0,0,0,0,0.0105263,0,0,0.0105263,0.0105263,0,0,0.0105263,0.031579,0,0,0.0105263,0.0105263,0,0,0,0,0,0,0,0,0,0,0.0105263,0.0105263,0,0,0,0.0105263,0,0,0.0105263,0,0.0210526,0,0,0.0105263,0,0,0,0,0.0736842,0.031579,0,0,0,0,0,0,0.0105263,0,0,0,0,0,0,0,0,0.031579,0,0,0,0.031579,0,0,0.0210526,0,0,0,0,0,0,0.0105263,0,0,0,0,0,0.0210526,0.0105263,0,0.0421053,0,0.0105263,0,0,0,0,0,0.0105263,0,0,0,0.0105263,31
0,0,0,0.00564972,0,0,0,0.00564972,0,0,0,0,0,0,0.00564972,0,0,0,0,0.039548,0,0,0,0,0.0112994,0.00564972,0,0,0.0112994,0,0,0,0.00564972,0,0,0,0,0,0.0621469,0.00564972,0,0.00564972,0.0734463,0.0564972,0.00564972,0,0,0,0.0112994,0,0,0.00564972,0,0,0,0.00564972,0,0,0,0.0112994,0.00564972,0,0.0112994,0.00564972,0,0.0169492,0.0112994,0,0.0225989,0,0,0,0,0.0112994,0,0,0.0112994,0,0,0,0,0,0.00564972,0,0,0,0,0,0,0.0112994,0,0,0,0,0,0.00564972,0.00564972,0.0282486,0.00564972,0,0,0,0,0.00564972,0,0,0.00564972,0.00564972,0,0.0112994,0.0169492,0,0,0,0.039548,0,0,0,0,0,0,0,0,0,0,0,0,0,0.0112994,0.0338983,0.0112994,0,0,0,0.00564972,0.00564972,0.0112994,0.00564972,0,0.0338983,0,0,0.0338983,0,0,0,0,0.0225989,0.00564972,0,0,0.00564972,0.00564972,0,0.0112994,0,0.00564972,0.0169492,0,0,0,0,0,0,0,0,0.0282486,0,0,0,0,0.0112994,0.0112994,0.00564972,0,0,0,0,0,0,0,0,0,0,0.0282486,0,0.00564972,0.0282486,0.00564972,0,0,0.0112994,0,0.00564972,0,0.0112994,0,0.00564972,0.039548,0,32
0.00421941,0,0.00421941,0,0,0.0126582,0,0.0126582,0,0,0.00421941,0.00421941,0.00421941,0,0.00421941,0.00421941,0.00421941,0.00421941,0,0.0253165,0.00421941,0,0.00843882,0,0,0.00843882,0,0,0,0,0.00421941,0,0.0168776,0,0.00843882,0,0,0,0.0590717,0,0,0,0.0295359,0.0253165,0,0.00843882,0,0.00421941,0.0253165,0,0,0,0,0,0,0.00843882,0,0,0.00421941,0.00421941,0,0,0.00421941,0.00421941,0.00421941,0.0337553,0,0,0.0295359,0,0,0,0.00843882,0.00421941,0,0,0.00843882,0,0,0,0,0,0.00843882,0.0168776,0,0.00421941,0,0.00421941,0.00421941,0,0,0,0,0.00421941,0.00843882,0,0,0.0168776,0.00843882,0,0,0.00421941,0,0.0168776,0.00421941,0,0,0,0,0.021097,0.0379747,0,0.00421941,0,0.0421941,0.00421941,0,0,0,0,0,0,0,0,0,0,0,0,0.00421941,0.021097,0,0.00421941,0.00421941,0,0,0,0,0,0.00421941,0.0126582,0.00843882,0,0.0253165,0.00421941,0.00843882,0.0168776,0,0.0253165,0.00843882,0,0,0.00421941,0,0.00421941,0.00843882,0,0,0.0126582,0,0,0,0,0,0,0,0,0.0295359,0,0,0,0.00421941,0.00421941,0,0.00843882,0,0,0,0,0,0,0,0,0,0,0.0548523,0.00421941,0.00421941,0.0126582,0,0.00421941,0.00421941,0.0168776,0,0.021097,0,0,0,0,0.0379747,0,33
0,0,0,0,0.00900901,0.0045045,0,0.0045045,0,0.00900901,0,0,0,0,0,0.0045045,0,0,0.0045045,0.0045045,0,0.0045045,0.0045045,0,0,0.0045045,0,0,0.0045045,0,0.0045045,0,0.0045045,0,0.0045045,0.0045045,0,0.0045045,0.0315315,0,0,0,0.0495495,0.0045045,0.0045045,0,0,0,0,0.0135135,0,0.0135135,0,0,0.0045045,0.0045045,0.0045045,0,0,0,0.0045045,0,0,0,0,0.00900901,0,0,0.0135135,0,0,0,0.0045045,0.0045045,0,0.0045045,0,0,0.0045045,0,0.0045045,0.0045045,0,0,0,0,0,0,0.00900901,0.0135135,0,0,0,0.0045045,0,0.0045045,0,0.0225225,0.036036,0,0,0.0045045,0,0.0045045,0,0,0,0.0045045,0,0.0045045,0.0315315,0,0,0.0045045,0.135135,0.0045045,0,0,0,0,0,0,0,0,0,0.0045045,0,0,0.0045045,0.0225225,0,0,0.0045045,0,0,0,0.0045045,0,0,0.0135135,0.0045045,0.0045045,0.018018,0,0,0.00900901,0.0045045,0.0045045,0.0045045,0,0,0.00900901,0,0.0045045,0,0,0.0045045,0.0675676,0,0,0,0.0045045,0,0,0,0,0.0135135,0,0,0,0,0.018018,0.0135135,0.0045045,0,0,0,0.0045045,0,0,0,0,0,0,0.112613,0,0.0045045,0.0225225,0.0045045,0,0.00900901,0.0135135,0,0.0135135,0,0.0135135,0,0.00900901,0,0,34
0.0031746,0,0,0.00634921,0.00952381,0.0031746,0,0,0,0,0.0031746,0,0,0.0031746,0,0,0,0,0,0,0.0031746,0.0031746,0,0.00634921,0,0,0.0031746,0.0031746,0,0,0.0031746,0,0.00634921,0,0.0031746,0.0031746,0,0,0.0031746,0.00634921,0.0031746,0.0031746,0.0507937,0.0031746,0,0,0,0.0031746,0.00952381,0.0031746,0,0,0.00952381,0,0,0,0,0,0,0.0031746,0.0031746,0,0.0031746,0,0.0031746,0.0190476,0.0031746,0,0.015873,0,0,0,0.0031746,0,0,0,0.00634921,0.0031746,0,0,0.0031746,0,0.0031746,0.0031746,0,0,0,0,0,0.00634921,0.0031746,0.00634921,0,0.0031746,0,0,0,0.0253968,0.00952381,0,0,0,0,0,0,0,0.00634921,0,0.0031746,0.0031746,0.0222222,0,0,0,0.114286,0.00634921,0,0,0,0,0,0.0031746,0,0,0,0.0031746,0,0,0.0031746,0.00952381,0,0,0,0.0031746,0.0031746,0,0,0.00952381,0,0.0190476,0,0,0.031746,0,0,0.00952381,0,0.0349206,0.0031746,0.0031746,0,0,0,0,0.0031746,0,0,0.0761905,0,0,0.00952381,0,0,0,0.00634921,0,0.00634921,0,0.00952381,0,0.0031746,0.0412698,0.0031746,0.0031746,0.0031746,0.0031746,0,0,0.0031746,0,0,0,0,0,0.152381,0.0031746,0,0.0253968,0.0031746,0.0031746,0.00634921,0.0222222,0,0,0,0.015873,0,0,0.00952381,0.00952381,35
0.00714286,0.00714286,0,0,0.00714286,0.0142857,0,0.00714286,0,0,0,0,0,0,0,0,0,0,0,0.00714286,0,0.00714286,0.00714286,0,0.0142857,0,0,0,0.00714286,0.00714286,0,0,0,0.00714286,0.00714286,0,0.00714286,0.00714286,0.00714286,0,0.00714286,0,0.05,0.00714286,0.00714286,0,0,0.0142857,0.00714286,0.0285714,0,0,0.00714286,0,0,0.00714286,0,0.00714286,0.00714286,0.00714286,0,0,0.0142857,0,0,0.0214286,0,0,0.0214286,0,0,0.00714286,0,0,0,0,0,0,0.00714286,0,0.0142857,0,0.0142857,0.00714286,0,0.0142857,0,0.00714286,0,0,0,0,0,0.0142857,0.00714286,0,0.00714286,0.0571429,0,0,0.00714286,0.00714286,0.00714286,0.00714286,0,0.00714286,0,0,0.00714286,0.00714286,0,0,0,0,0.0428571,0.00714286,0.00714286,0,0,0,0,0,0,0,0,0.0142857,0,0,0.0285714,0.0142857,0.0142857,0,0,0,0,0,0.00714286,0,0,0,0.0142857,0,0.05,0,0.00714286,0,0,0.0214286,0,0,0,0.0142857,0,0,0.00714286,0.00714286,0,0.0142857,0,0,0,0,0,0,0,0,0.0357143,0,0.0214286,0.00714286,0.0142857,0.0214286,0.00714286,0,0,0,0,0,0,0,0,0,0,0,0.00714286,0,0,0.0142857,0,0.0142857,0,0,0,0.0142857,0,0,0,0.00714286,0.00714286,0.00714286,36
0.00925926,0,0,0.00462963,0.00462963,0.00925926,0,0.00462963,0,0,0.00462963,0,0,0,0.00462963,0.00462963,0.00925926,0,0,0.037037,0,0,0.00462963,0,0,0,0.0138889,0,0.00462963,0,0,0.00462963,0.0138889,0,0.00462963,0,0.00462963,0,0.0509259,0.00462963,0.00462963,0,0.0648148,0.0324074,0.00462963,0,0,0.00462963,0.00462963,0,0.00462963,0,0.00925926,0.00462963,0,0,0,0,0,0.00462963,0,0,0.0138889,0.00462963,0,0.00462963,0,0,0.00925926,0,0,0,0,0.00462963,0,0.00462963,0.00462963,0,0,0,0.00462963,0,0.00925926,0,0,0,0,0,0.00462963,0.00462963,0,0,0,0,0.00462963,0,0.00462963,0.00462963,0,0,0,0,0.00462963,0.00462963,0.00462963,0,0.00925926,0,0,0.0185185,0.00462963,0,0,0,0.0509259,0,0,0,0,0,0.00462963,0,0,0,0.00462963,0,0,0,0.00925926,0.0185185,0,0,0,0,0,0,0,0,0,0.037037,0,0,0.0277778,0.00462963,0,0.00462963,0,0.0277778,0.00925926,0,0,0.00925926,0,0,0.00925926,0,0.00462963,0.0324074,0.00462963,0,0.00462963,0,0,0,0.00462963,0.00462963,0.0416667,0,0.00462963,0,0,0.037037,0.00462963,0,0,0,0,0.00462963,0.00462963,0,0,0,0,0,0.0787037,0,0.00462963,0.00925926,0,0,0.00462963,0.00925926,0,0.00925926,0,0.00925926,0,0.00462963,0.0324074,0,37
0,0,0,0,0.00790514,0,0,0.0118577,0,0,0,0,0.00395257,0.00395257,0,0.00395257,0.00790514,0,0.00395257,0.0197628,0,0.00790514,0.00395257,0.00395257,0.00790514,0,0,0.00395257,0.00395257,0.00395257,0.00790514,0,0.0158103,0,0,0.00395257,0,0.00790514,0.0632411,0.0118577,0.00395257,0,0.0355731,0.0355731,0,0,0,0,0.0118577,0,0,0,0,0.00395257,0,0.00395257,0,0,0.00790514,0,0,0.00395257,0.00395257,0.00395257,0,0.00790514,0,0,0.00790514,0,0,0.00395257,0,0.00790514,0,0,0.00395257,0,0,0,0,0,0.00790514,0,0,0,0,0.00395257,0,0.0197628,0.00395257,0,0.00395257,0,0.00395257,0,0.0158103,0.0158103,0.0158103,0,0,0,0,0,0,0,0.00395257,0,0,0.0158103,0.0197628,0,0,0.00395257,0.0671937,0,0,0,0.00790514,0,0,0,0,0,0,0,0,0,0,0.0355731,0.00395257,0,0,0,0,0,0,0.00395257,0,0.0316206,0,0,0.0316206,0.00395257,0,0.00395257,0,0.0158103,0,0,0.00790514,0.0158103,0,0,0,0.00395257,0,0.0316206,0,0,0,0,0,0,0,0.00395257,0.0237154,0,0,0,0,0.027668,0.00395257,0.00395257,0,0,0,0,0,0,0,0,0,0,0.0711462,0,0.0118577,0.0158103,0,0,0.00395257,0.0316206,0,0.00395257,0,0.00395257,0,0.00395257,0.0355731,0,38
0,0,0,0,0.00947867,0.00473934,0,0,0,0.00473934,0,0,0.00473934,0,0,0,0.00473934,0,0,0,0,0,0.00473934,0.00473934,0,0.00473934,0,0,0,0,0,0.00473934,0,0.00947867,0.00947867,0,0,0.00473934,0.0379147,0,0.00473934,0,0.0379147,0,0,0,0,0,0.00947867,0,0,0.00473934,0.00473934,0,0,0,0,0,0.00473934,0.00473934,0.00473934,0,0.00473934,0,0.00947867,0.00473934,0,0,0.00947867,0,0,0,0.00473934,0,0,0.00473934,0,0,0,0,0,0,0,0.00947867,0,0,0,0,0.00473934,0.00947867,0,0,0,0,0.00473934,0,0,0.014218,0.042654,0,0.00473934,0,0.00473934,0,0,0,0,0,0,0.00473934,0.0331754,0,0.00473934,0,0.184834,0,0.00947867,0,0,0,0,0.00473934,0,0,0,0.00473934,0.00947867,0,0.014218,0.014218,0,0,0.00473934,0,0,0,0,0,0.00947867,0.014218,0,0,0.0189573,0,0,0.00473934,0,0.00947867,0,0,0.00473934,0.014218,0,0,0.00473934,0,0,0.056872,0,0,0,0.00473934,0,0,0,0,0.0331754,0,0,0,0,0.0236967,0,0,0,0,0,0,0,0,0,0,0.00473934,0,0.127962,0,0,0.00473934,0,0.00473934,0,0.0236967,0,0.00473934,0,0,0,0.00947867,0.014218,0,39
0,0,0,0.00326797,0.00980392,0,0,0.0130719,0,0,0,0,0.00980392,0.00326797,0,0.00980392,0,0,0,0.00326797,0,0.00653595,0,0,0,0.00326797,0,0,0,0.00326797,0.00326797,0,0,0,0,0.00326797,0,0.00326797,0.00980392,0,0,0,0.0457516,0,0,0,0,0,0.00653595,0,0,0.00326797,0.00326797,0,0,0.00326797,0.00326797,0,0.00326797,0,0.00326797,0.00326797,0.00326797,0.00326797,0,0.00980392,0.00326797,0,0.0261438,0,0,0,0,0.00653595,0.00326797,0,0,0,0,0,0.00653595,0,0,0.00980392,0,0,0,0.00653595,0,0,0,0.00326797,0,0,0,0.00326797,0.00326797,0.0163399,0.00980392,0.00326797,0.00653595,0,0,0,0,0,0.00326797,0,0,0.00980392,0.0261438,0,0.00653595,0.00653595,0.117647,0.00326797,0,0,0,0,0,0.00326797,0,0.00326797,0,0,0.00653595,0,0,0.00326797,0.00653595,0,0.00980392,0,0.00326797,0.00326797,0.00326797,0.00980392,0,0.00653595,0.0130719,0,0.0294118,0,0.00326797,0.00326797,0,0.0359477,0.00326797,0.00980392,0.0130719,0.00326797,0.00653595,0.00653595,0.00326797,0.00653595,0.00980392,0.0588235,0,0,0.0130719,0,0,0,0,0.00326797,0.0261438,0,0.00653595,0,0.00653595,0.0326797,0.00326797,0,0,0,0,0,0,0,0,0,0,0,0.127451,0,0.00653595,0.00653595,0,0,0.00326797,0.00653595,0,0.00980392,0.00326797,0.0163399,0,0.00326797,0.00326797,0,40
0,0,0,0,0,0.0135135,0,0.00675676,0,0,0,0.00675676,0,0,0.00675676,0,0,0.00675676,0,0.0337838,0,0.0135135,0,0.00675676,0,0,0,0.00675676,0,0,0,0,0.00675676,0,0,0,0,0,0.0337838,0,0,0,0.0608108,0.0202703,0,0,0,0,0.0135135,0,0.00675676,0,0,0,0,0.0135135,0,0,0,0.00675676,0,0.00675676,0.00675676,0,0.00675676,0.00675676,0,0,0.0202703,0,0,0,0.00675676,0,0,0,0.00675676,0,0,0.00675676,0,0.00675676,0.0202703,0.0135135,0,0,0,0,0,0.0202703,0,0,0.00675676,0,0,0,0,0.0202703,0,0.00675676,0,0,0,0.0135135,0,0,0.00675676,0,0,0.027027,0,0,0.00675676,0,0.0540541,0.00675676,0,0,0,0,0,0,0,0.00675676,0,0,0.00675676,0.00675676,0,0.00675676,0,0.00675676,0,0,0,0,0,0,0,0.00675676,0.00675676,0,0.0472973,0.00675676,0.00675676,0.00675676,0,0.0337838,0,0.00675676,0,0.0135135,0,0,0,0,0.0135135,0.0405405,0,0,0,0,0,0,0,0,0.0405405,0,0.00675676,0,0,0.027027,0,0,0,0,0,0,0.00675676,0,0,0,0,0,0.0472973,0,0,0.0135135,0.00675676,0,0,0.0135135,0,0.00675676,0,0.00675676,0,0.00675676,0.0540541,0,41
5,0,0,0,0,0.01,0,5,0,0,0,5,5,0,0.01,0,5,0,0,35,0,0,0,0,0,0,0,0,0,0,0,5,0,0,0,0,0,0.01,0.06,5,5,0,0.07,35,5,0,0,0,15,5,5,0,5,0,0,5,0.01,0,0.01,5,0,0,0,0,5,0.01,0,0,0,0,0,5,0,5,5,0,5,0,0,0,5,0,0.01,5,0,5,5,5,0,0.02,0,5,0,0,0,0,5,0,0,0,0,0,0,5,0,0,0,0,0,15,0.04,0,0.01,0,0.06,0,0,0,5,0,0,0,0,0,0,0,0,5,0,0.01,0,0,0,0,0,0,0,0,0,0.03,0,0,0.01,5,0,5,0,15,5,5,5,0,0,0,5,0,0,0.03,5,0,0,0,0,0,0,5,55,0,5,0,5,0.06,0,0,0,0,0,0,0,5,0,0,0,0,55,0,5,0,5,0,0.01,25,5,5,0,0.01,0,0,0.04,0,42
0.00851064,0,0,0,0,0,0,0.012766,0,0,0,0,0,0,0,0,0.00425532,0,0.00425532,0.0170213,0,0.00851064,0,0,0,0,0.00851064,0,0,0,0,0,0.012766,0,0,0,0,0.012766,0.0595745,0.00425532,0,0,0.0297872,0.0382979,0.00425532,0,0,0,0.012766,0.00425532,0,0,0,0,0,0.00425532,0.00425532,0.00425532,0.00425532,0,0,0.00425532,0,0,0.00851064,0.00851064,0,0,0.00851064,0.00425532,0,0,0,0.00425532,0,0,0,0,0,0,0.00425532,0,0.00851064,0.012766,0,0,0,0,0,0.00851064,0,0,0,0.00851064,0.00425532,0.00851064,0.00425532,0.012766,0.00851064,0,0.00425532,0,0.00425532,0.00425532,0.00425532,0,0.012766,0,0,0.00425532,0.012766,0,0,0.00425532,0.13617,0.00425532,0,0,0,0,0,0,0,0,0,0,0,0,0.00425532,0.0468085,0,0,0,0,0.00425532,0,0,0,0.00425532,0.0468085,0,0,0.012766,0,0,0,0,0.012766,0,0.00425532,0,0.0170213,0,0.00851064,0,0.00425532,0,0.0297872,0,0,0,0,0,0.00425532,0,0.00425532,0.0425532,0,0.00425532,0.00425532,0,0.0553191,0,0.00425532,0,0,0,0,0,0,0,0,0,0,0.0595745,0,0,0,0.00425532,0,0,0.0255319,0,0,0,0,0,0,0.0255319,0,43
0,0.00502513,0,0,0,0,0,0.0100503,0,0,0.00502513,0.00502513,0,0.00502513,0,0.00502513,0,0.00502513,0.00502513,0.00502513,0,0.0100503,0.00502513,0.00502513,0,0.00502513,0.00502513,0.00502513,0.00502513,0,0,0.0100503,0.0100503,0,0,0.00502513,0,0.00502513,0.0301508,0,0,0,0.040201,0.0100503,0.00502513,0,0,0.0100503,0.00502513,0.0100503,0.00502513,0.00502513,0,0,0,0.00502513,0,0,0,0.00502513,0.00502513,0,0,0,0,0.00502513,0.00502513,0,0.0251256,0,0,0,0.00502513,0,0,0,0,0,0,0,0,0,0,0.0100503,0,0,0,0.00502513,0.00502513,0.00502513,0,0,0,0.00502513,0,0.00502513,0.0100503,0.0100503,0.0201005,0,0.00502513,0,0,0.00502513,0,0.00502513,0.00502513,0,0,0.0100503,0.00502513,0,0.0201005,0,0.110553,0,0,0.00502513,0,0,0,0,0,0,0,0,0,0,0,0.0201005,0.00502513,0.0100503,0.00502513,0,0,0,0,0,0,0.0150754,0.00502513,0,0.0150754,0.0100503,0,0.00502513,0,0.0100503,0.00502513,0,0,0.0150754,0.00502513,0,0,0,0.00502513,0.0603015,0,0,0,0,0,0,0.00502513,0,0.0502513,0,0.00502513,0.00502513,0,0.0201005,0,0,0,0,0,0.00502513,0,0,0,0,0.00502513,0,0.120603,0,0.00502513,0.0100503,0,0,0,0.0100503,0,0,0,0.0150754,0,0,0.0100503,0,44
0.00711744,0,0,0.00355872,0.00355872,0,0,0.00355872,0.00355872,0,0,0,0.00711744,0,0.00355872,0,0.00711744,0.00355872,0,0.00711744,0,0.0106762,0,0,0,0.0142349,0.00355872,0,0,0,0.00355872,0,0.00711744,0,0.00711744,0.00355872,0,0.00355872,0.0177936,0.00355872,0,0,0.0213523,0,0,0,0,0.0106762,0.00711744,0,0,0.0106762,0.00355872,0,0,0.00711744,0,0.00711744,0,0.00711744,0.00355872,0,0,0.00355872,0,0.0284698,0.00355872,0,0.00711744,0,0,0,0,0.00711744,0.00355872,0,0,0,0.00355872,0,0,0,0.0106762,0.00355872,0,0.00355872,0,0.00355872,0,0.0106762,0,0.00355872,0,0,0.00355872,0.00355872,0,0.0284698,0.0106762,0,0,0,0,0.00355872,0,0,0.00711744,0,0.00355872,0.0106762,0.024911,0,0.00355872,0,0.120996,0,0,0,0.00355872,0,0,0,0,0,0,0,0.00711744,0,0.0106762,0.00711744,0.0106762,0,0.00711744,0,0,0,0,0.00355872,0,0.0177936,0.00355872,0.00355872,0.0142349,0.0142349,0,0,0,0.00711744,0,0.0142349,0,0.00711744,0,0,0.00355872,0,0.00711744,0.0676157,0,0,0,0,0,0,0,0,0.0284698,0.00355872,0.024911,0,0,0.0213523,0,0.00711744,0,0,0,0,0,0,0,0,0,0,0.113879,0,0,0.0106762,0.00355872,0.00355872,0.0106762,0.0142349,0,0.00711744,0,0.0177936,0,0.00355872,0.00355872,0,45
0,0,0,0,0,0,0,0.00757576,0,0,0,0,0,0,0,0,0,0,0.00757576,0.030303,0,0,0,0,0,0,0.00757576,0,0,0,0.00757576,0,0.0227273,0.00757576,0,0,0,0.0151515,0.0151515,0,0,0,0.0530303,0.0151515,0,0,0,0,0.00757576,0,0,0,0,0.00757576,0,0.00757576,0,0.00757576,0,0,0,0.00757576,0,0,0,0,0,0.00757576,0.0227273,0,0,0,0.00757576,0,0,0,0,0,0.0151515,0,0,0,0.0151515,0.0227273,0,0,0,0.00757576,0,0.00757576,0.0151515,0.00757576,0,0,0,0,0,0.0454545,0.00757576,0,0,0,0,0.00757576,0,0,0.00757576,0,0,0.0151515,0.0151515,0,0,0,0.0757576,0,0,0,0,0,0,0,0.00757576,0,0.00757576,0,0,0,0,0.0227273,0,0,0.00757576,0,0,0,0,0.00757576,0,0.0530303,0,0.00757576,0.00757576,0.00757576,0,0,0,0.0227273,0.0151515,0,0,0,0,0,0,0,0.00757576,0.0227273,0,0,0,0,0,0,0.0151515,0,0.0530303,0,0.00757576,0,0,0.0227273,0,0.00757576,0,0,0,0,0.00757576,0,0.00757576,0,0,0,0.0378788,0,0,0.0151515,0,0.00757576,0,0.0151515,0,0.00757576,0,0,0,0.00757576,0.0606061,0,46
0,0,0,0,0.00561798,0,0,0.00561798,0,0.00561798,0,0,0,0,0.00561798,0,0.00561798,0,0.00561798,0.0337079,0,0,0.00561798,0,0.00561798,0.011236,0.00561798,0,0,0,0,0,0.011236,0.00561798,0,0,0,0,0.0337079,0,0,0.00561798,0.0449438,0.0561798,0,0,0,0,0.00561798,0.0224719,0.00561798,0,0,0.00561798,0,0.0168539,0,0.00561798,0,0,0.00561798,0,0,0,0.00561798,0,0.00561798,0,0.00561798,0,0,0,0.00561798,0,0,0.011236,0,0,0,0,0.00561798,0,0,0.00561798,0,0.00561798,0,0.00561798,0,0.00561798,0.00561798,0,0,0,0.00561798,0,0.00561798,0.0224719,0.011236,0,0,0,0,0,0,0,0.00561798,0,0,0,0.011236,0,0.00561798,0,0.0337079,0,0,0,0,0,0,0,0,0,0,0,0,0,0.00561798,0.0168539,0,0.011236,0,0,0.00561798,0.00561798,0,0,0,0.0730337,0,0,0.0224719,0.00561798,0,0.00561798,0,0.0224719,0.00561798,0,0.00561798,0,0,0,0.00561798,0,0,0.0337079,0,0,0,0,0,0,0,0,0.0674157,0,0,0,0,0.0337079,0,0,0.00561798,0,0,0.00561798,0,0,0,0,0,0.00561798,0.0561798,0,0,0.0168539,0,0.00561798,0,0.0337079,0,0,0,0,0.00561798,0.00561798,0.0449438,0,47
0.00462963,0,0,0,0,0.00462963,0,0.00462963,0,0,0,0.00462963,0,0,0,0.00462963,0.00462963,0,0.00462963,0.0185185,0,0.0138889,0,0.00462963,0.00462963,0.00462963,0,0,0,0,0,0,0.00462963,0.00925926,0.00462963,0.00462963,0,0.00925926,0.0462963,0,0,0.00462963,0.0601852,0.0138889,0.00462963,0,0,0.00462963,0,0,0,0,0,0,0,0.00925926,0,0,0,0,0.00462963,0,0,0.00462963,0,0.0277778,0.00462963,0,0.0138889,0,0,0,0.0231481,0,0,0.00462963,0,0,0,0,0,0,0.0324074,0.00925926,0,0.00925926,0,0,0,0.0185185,0,0.00462963,0,0,0,0,0,0.0138889,0.00925926,0,0,0,0.00925926,0.00925926,0,0,0.0138889,0,0,0.00925926,0.037037,0,0,0.00462963,0.0787037,0,0.00462963,0,0,0,0,0,0,0,0.00462963,0,0,0,0,0.0231481,0.00462963,0.00462963,0,0,0,0,0,0.00462963,0,0.0601852,0,0,0.00925926,0,0,0.00925926,0,0.00462963,0,0.00462963,0,0,0,0,0.00462963,0,0.00462963,0,0,0,0,0,0,0,0.00462963,0,0.0416667,0,0.00925926,0,0,0.0138889,0.00462963,0.00925926,0.00462963,0,0,0.00462963,0.00462963,0,0,0,0,0,0.0787037,0,0.00462963,0.00462963,0,0,0,0.0185185,0,0.00462963,0.00462963,0.00462963,0,0.00462963,0.037037,0,48
0.00502513,0,0,0,0,0.00502513,0,0.0201005,0,0.00502513,0,0,0.00502513,0,0,0,0.00502513,0,0.00502513,0,0,0.0150754,0,0,0,0,0,0,0,0,0,0,0,0,0.00502513,0,0,0,0.0201005,0,0,0.0150754,0.0502513,0.0100503,0,0,0,0.0100503,0.00502513,0.0201005,0.0100503,0.00502513,0,0,0,0.0100503,0,0.00502513,0.0100503,0.00502513,0.0150754,0,0,0,0.00502513,0.0150754,0,0,0.0100503,0,0,0,0,0,0,0,0.0100503,0,0,0,0,0,0,0.00502513,0,0,0,0,0,0.0201005,0,0,0,0.00502513,0,0.00502513,0.00502513,0.0150754,0.0100503,0,0,0,0,0.00502513,0,0,0.0100503,0,0,0.00502513,0.0301508,0,0.00502513,0.00502513,0.125628,0.0201005,0,0,0,0.00502513,0.00502513,0,0,0.00502513,0,0,0,0.00502513,0,0.00502513,0,0,0,0,0,0.00502513,0,0,0,0.0201005,0.00502513,0,0.0100503,0.00502513,0,0.00502513,0,0.0150754,0.00502513,0,0,0,0,0,0,0,0.00502513,0.040201,0,0,0.0100503,0,0,0,0,0,0.0452261,0,0.00502513,0,0,0.0351759,0.00502513,0,0,0,0,0,0,0,0,0,0,0,0.105528,0,0.00502513,0.00502513,0.00502513,0,0,0.0201005,0,0.00502513,0,0.0150754,0,0.0100503,0.0150754,0,49
0.00348432,0.00696864,0,0.00348432,0.00348432,0,0,0.00696864,0,0,0.00348432,0.00348432,0.00348432,0.00348432,0,0.00696864,0.00348432,0,0,0,0,0.00696864,0.00348432,0,0.00348432,0.010453,0,0,0,0,0.00348432,0.00696864,0.00348432,0,0,0,0,0,0.0243902,0.00348432,0,0,0.0452962,0.00348432,0,0,0,0,0.00696864,0.00348432,0.00348432,0,0.00696864,0,0,0.00696864,0,0.00696864,0.00348432,0,0.00696864,0,0,0.00348432,0,0.0174216,0.00348432,0,0.0348432,0,0,0,0,0,0,0,0.00348432,0.00348432,0,0,0.00348432,0.00348432,0.010453,0.00696864,0.00348432,0,0,0.00348432,0,0.0209059,0,0,0,0,0.00696864,0,0.0139373,0.0174216,0.0174216,0,0.00348432,0,0,0.00348432,0,0,0.00348432,0.00348432,0,0.010453,0.010453,0,0,0.010453,0.097561,0.00348432,0.00348432,0,0,0.00348432,0,0.00348432,0,0,0,0.00348432,0.00348432,0.00696864,0.00348432,0,0,0.00696864,0.00348432,0.00348432,0,0,0,0,0,0.00696864,0,0,0.0383275,0.00696864,0,0.00348432,0,0.0348432,0,0,0.00348432,0.00696864,0,0,0.010453,0,0.00348432,0.0348432,0,0,0,0,0,0,0.00348432,0,0.0209059,0,0.00348432,0,0.00348432,0.0418118,0,0.010453,0,0,0.00348432,0.00348432,0,0,0,0,0,0,0.111498,0.00348432,0,0.0209059,0.00348432,0,0,0.0174216,0.00348432,0,0,0.0174216,0,0,0.010453,0,50
0,0,0,0,0.3,0,0,0,0,0,0,0,0,0,0,0,0,0,0,0.1,0,0,0,0,0,0,0,0,0,0,0,0,0,0,0,0,0,0,0,0,0,0,0,0,0,0,0,0,0,0,0,0,0,0,0,0,0,0,0,0,0,0,0,0,0,0,0,0,0,0,0,0,0,0,0,0,0,0,0,0,0,0,0,0,0,0,0,0,0,0,0,0,0,0,0,0,0,0,0,0,0,0,0,0,0,0,0,0,0,0,0.2,0,0,0,0,0,0,0,0,0,0.1,0,0,0,0,0,0,0,0,0,0,0,0,0,0,0,0,0,0,0,0,0,0,0,0,0.1,0,0,0,0,0,0,0,0,0,0,0,0,0,0,0,0,0,0,0,0,0,0,0,0,0,0,0,0,0,0,0,0.1,0,0,0,0,0,0,0,0,0.1,0,0,0,0,0,0,0,0,0,0,0,0,0,51
0,0,0,0,0,0,0,0,0,0,0,0,0,0,0,0,0,0,0,0,0,0,0,0,0,0,0,0,0,0,0,0,0,0,0,0,0,0,0.0425532,0,0,0,0.297872,0.0425532,0,0,0,0,0,0,0,0,0,0,0,0,0,0,0,0,0,0,0,0,0,0,0,0,0,0,0,0,0,0,0,0,0,0,0,0,0,0,0,0,0,0,0,0,0,0,0,0,0,0,0,0,0,0.0425532,0,0,0,0,0.0425532,0,0,0,0,0,0,0,0.0212766,0,0.0212766,0,0.0851064,0,0,0,0,0,0,0,0,0,0,0,0,0,0,0.0638298,0,0,0,0,0,0,0,0,0,0.0851064,0,0,0,0,0,0,0,0,0,0.0212766,0,0,0,0,0,0,0,0.0425532,0,0,0,0,0,0,0,0,0.0851064,0,0,0,0,0,0,0,0,0,0,0,0,0,0,0,0,0,0.0212766,0,0,0,0,0,0,0.0212766,0,0,0,0,0,0,0.0638298,0,52
0,0,0,0,0,0,0,0,0,0,0,0,0,0,0,0,0.0103093,0,0,0.0206186,0,0,0,0,0,0,0,0,0,0,0,0,0.0206186,0,0,0,0,0,0.0412371,0,0,0,0.237113,0.0103093,0,0,0,0,0,0,0,0,0,0,0,0.0103093,0,0,0,0,0,0,0,0,0,0,0,0,0.0309278,0,0,0,0,0,0,0,0,0,0,0,0,0,0,0.0103093,0,0,0,0,0,0,0,0,0,0,0,0,0,0.0412371,0.0309278,0,0,0,0,0,0,0,0,0,0,0,0.0309278,0,0,0,0.0927835,0,0,0,0,0,0,0,0,0,0,0,0,0,0.0206186,0.0412371,0,0,0,0,0,0,0,0,0,0.0412371,0,0,0,0,0,0,0,0,0,0,0,0,0,0,0,0,0,0.0412371,0,0,0,0,0,0,0,0,0.0618557,0,0,0,0,0.0309278,0,0,0,0,0,0,0,0,0,0,0,0,0.103093,0,0,0,0,0,0,0,0,0,0,0,0,0,0.0721649,0,53
0,0,0,0,0,0,0,0.0102041,0,0,0,0,0,0,0,0,0,0,0,0.0408163,0,0,0,0,0.0102041,0,0,0,0,0,0,0,0.0102041,0,0,0,0,0,0.0306122,0,0,0,0.0918367,0.0204082,0,0,0,0,0.0204082,0.0102041,0,0,0,0,0,0,0,0,0,0,0.0102041,0,0,0,0,0.0102041,0,0,0.0204082,0,0,0,0,0,0,0,0,0,0,0,0,0,0,0,0,0,0,0,0,0.0204082,0,0,0,0,0,0,0,0.0102041,0.0102041,0,0,0,0,0,0,0,0,0,0,0,0.0102041,0,0,0,0.163265,0,0,0,0,0,0,0,0,0,0,0,0,0,0.0102041,0.0306122,0,0,0,0,0,0,0,0,0,0.0510204,0,0,0,0,0,0,0,0.0102041,0,0,0,0,0,0,0,0,0,0.0510204,0,0,0,0,0,0,0,0,0.0204082,0,0,0,0,0.0306122,0,0,0,0,0,0,0,0,0,0,0,0,0.193878,0,0,0.0102041,0,0,0,0.0306122,0,0,0,0.0102041,0,0,0.0510204,0,54
0,0,0,0,0,0,0,0,0,0,0,0,0,0,0,0,0.0215054,0,0,0.0107527,0,0,0,0,0,0,0.0107527,0,0,0,0,0,0.0215054,0,0,0,0,0,0.0322581,0,0,0,0.0215054,0.0430108,0,0,0,0,0,0,0,0,0,0,0,0,0,0,0,0.0107527,0,0,0,0,0,0.0107527,0,0,0,0,0,0,0.0107527,0,0,0,0.0107527,0,0,0,0,0,0.0107527,0,0,0,0.0107527,0,0,0.0107527,0,0,0,0,0,0,0.0107527,0.0107527,0.0215054,0,0,0,0,0,0,0,0,0,0,0,0.0322581,0,0.0107527,0,0.16129,0,0,0,0,0,0,0,0,0,0,0,0,0,0.0107527,0,0,0,0,0,0,0,0,0.0107527,0,0.0537634,0,0,0.0107527,0,0,0,0,0,0,0,0,0.0107527,0,0,0,0,0,0.0537634,0,0,0,0,0,0,0,0,0.0215054,0,0.0107527,0,0,0.0215054,0,0,0,0,0,0,0,0,0,0,0,0,0.182796,0,0,0.0107527,0,0,0,0.0107527,0.0215054,0,0,0,0,0.0107527,0.0752688,0,55
0,0,0,0,0,0,0.0104167,0.0104167,0,0,0,0,0,0,0,0,0,0,0,0.0208333,0,0,0,0,0,0,0,0,0,0,0,0,0.0520833,0,0,0,0,0,0.104167,0,0,0,0.0520833,0.0729167,0,0,0,0,0.0104167,0,0,0,0,0,0,0.0104167,0,0,0,0,0,0.0104167,0,0,0,0,0,0,0.03125,0,0,0,0,0,0,0,0,0,0,0,0,0,0.0208333,0,0,0,0,0,0,0,0,0,0,0,0,0,0,0.0104167,0,0,0,0,0,0,0,0,0,0,0,0,0.0208333,0,0,0,0.0833333,0,0,0,0,0,0,0,0,0,0,0,0,0,0,0.0208333,0,0,0,0,0,0,0,0,0,0.0625,0,0,0.03125,0,0,0.0104167,0,0.0104167,0,0,0,0,0,0,0,0,0,0.0625,0,0,0,0,0,0,0,0,0.03125,0,0,0,0,0.03125,0,0,0,0,0,0,0,0,0,0,0,0,0.114583,0,0,0,0,0,0,0,0,0.0104167,0,0,0,0,0.09375,0,56
0,0,0,0,0,0,0,0,0,0,0,0,0,0,0,0,0,0,0,0,0,0,0,0,0,0,0,0,0,0,0,0,0,0,0,0,0,0,0.2,0,0,0,0.333333,0,0,0,0,0,0,0,0,0,0,0,0,0,0,0,0,0,0,0,0,0,0,0,0,0,0.0666667,0,0,0,0,0,0,0,0,0,0,0,0,0,0,0,0,0,0,0,0,0,0,0,0,0,0,0,0,0,0,0,0,0,0,0,0,0,0,0,0,0,0,0,0,0,0.0666667,0,0,0,0,0,0,0,0,0,0,0,0,0,0,0,0,0,0,0,0,0,0,0,0,0,0,0,0,0,0,0,0,0,0,0,0,0.0666667,0,0,0,0,0,0.133333,0,0,0,0,0,0,0,0,0.0666667,0,0,0,0,0,0,0,0,0,0,0,0,0,0,0,0,0,0,0,0,0,0,0,0,0,0,0.0666667,0,0,0,0,0,0,57
0,0,0,0,0,0,0,0,0,0,0,0,0,0,0,0,0,0,0,0,0,0,0,0,0,0,0,0,0,0,0,0,0,0,0,0,0,0.0322581,0,0,0,0,0.387097,0,0,0,0,0,0,0,0,0,0,0,0,0,0,0,0,0,0,0,0,0,0,0,0,0,0,0,0,0,0,0,0,0,0,0,0,0,0,0,0,0,0,0,0,0,0,0,0,0,0,0,0,0,0,0.0322581,0,0,0,0,0,0,0,0,0,0,0,0,0.0322581,0,0.0322581,0,0.129032,0,0,0,0,0,0,0.0322581,0,0,0,0,0,0,0,0,0,0,0,0,0,0,0,0,0,0,0,0,0,0,0,0,0,0,0,0,0,0,0,0,0,0,0,0.129032,0,0,0,0,0,0,0,0,0.193548,0,0,0,0,0,0,0,0,0,0,0,0,0,0,0,0,0,0,0,0,0,0,0,0,0,0,0,0,0,0,0,0,0,58
0,0,0,0,0,0,0,0,0.0119048,0,0,0.0119048,0,0,0,0,0,0,0,0.0119048,0,0,0,0,0,0,0,0,0,0,0,0,0,0,0,0.0238095,0,0,0.0238095,0,0,0,0.130952,0.0119048,0.0119048,0,0,0,0,0,0.0119048,0,0,0,0,0,0,0,0,0,0,0,0,0,0.0119048,0.0119048,0,0,0,0,0,0,0,0,0,0,0,0,0,0.0119048,0,0,0,0,0,0,0,0,0,0,0,0,0,0,0,0,0,0.0357143,0.0238095,0,0,0,0,0,0,0,0,0,0,0,0.0595238,0,0,0,0.0952381,0,0,0,0,0,0,0,0,0,0,0,0,0,0.0357143,0,0,0,0,0,0,0,0,0,0,0.0357143,0,0,0,0,0,0.0119048,0,0,0,0,0,0.0119048,0,0,0,0,0,0.0833333,0,0,0,0,0,0,0,0,0.047619,0,0,0,0,0.0238095,0,0,0,0,0,0,0,0.0119048,0,0,0,0,0.190476,0,0,0,0,0,0,0.0238095,0,0,0,0,0,0,0.0238095,0,59
0,0,0,0,0.0121951,0,0,0,0,0,0,0,0,0,0,0,0,0,0,0.0121951,0,0,0,0,0,0,0,0,0,0,0,0,0.0121951,0,0,0.0121951,0,0,0.0487805,0,0,0,0.0243902,0.0243902,0,0,0,0.0121951,0,0,0,0.0121951,0,0,0,0.0121951,0,0,0,0,0,0,0,0,0,0.0121951,0,0,0.0243902,0,0,0,0,0,0,0,0,0,0,0,0,0,0.0121951,0,0,0,0,0,0,0.0121951,0,0,0,0,0,0,0,0,0,0,0,0,0,0,0,0,0,0,0,0,0.0609756,0,0,0,0.146341,0,0,0,0,0,0,0,0,0,0,0,0,0,0,0.0121951,0,0,0,0,0,0,0,0,0,0.0121951,0,0,0,0,0,0,0,0,0,0,0,0.0121951,0,0,0.0121951,0,0,0.0487805,0,0,0,0,0,0,0,0,0,0,0,0,0,0.0487805,0.0121951,0,0,0,0,0,0,0,0,0,0,0,0.365854,0,0,0,0,0,0,0,0,0,0,0.0121951,0,0,0.0121951,0,60
0,0,0,0,0,0,0,0,0,0,0,0,0,0,0,0,0.0210526,0,0,0,0,0,0,0,0,0,0,0,0.0105263,0,0,0,0,0,0,0,0,0,0.0526316,0,0,0,0.0421053,0.0105263,0,0,0,0,0,0,0,0,0,0,0,0.0210526,0,0,0,0,0,0,0,0,0,0.0105263,0,0,0.0105263,0,0,0,0,0,0,0,0,0,0,0,0,0,0,0.0210526,0,0,0,0,0,0,0,0.0105263,0,0,0,0,0,0,0.0210526,0,0,0,0,0,0,0,0,0,0,0.0105263,0,0,0,0,0.126316,0.0105263,0,0,0,0,0,0,0,0,0,0,0,0,0.0105263,0.0105263,0,0.0105263,0,0,0,0,0,0,0,0.0421053,0,0,0,0,0,0.0105263,0,0.0105263,0,0,0,0.0105263,0,0,0,0,0,0.0421053,0,0,0,0,0,0,0,0,0.0105263,0,0.0105263,0,0,0.0210526,0.0210526,0.0105263,0,0,0,0,0,0,0,0,0,0,0.294737,0,0,0,0,0,0,0.031579,0,0,0,0.0105263,0,0,0.0631579,0,61
0,0,0,0,0.0194175,0,0,0,0,0,0,0,0.00970874,0,0.00970874,0,0,0,0,0.00970874,0,0,0.00970874,0,0,0,0,0,0,0,0,0,0.0194175,0,0,0,0,0.00970874,0.0582524,0,0,0,0.0291262,0.0194175,0,0,0,0,0,0,0,0,0.00970874,0,0,0,0,0,0,0,0,0,0,0,0,0,0,0,0.0291262,0,0,0,0,0,0,0,0,0,0,0,0,0,0.00970874,0,0,0,0,0,0,0,0,0,0,0,0.00970874,0,0,0,0.038835,0,0,0,0,0,0,0,0,0,0,0,0.0194175,0,0,0,0.0970874,0,0,0,0,0,0,0,0,0,0,0,0,0,0,0.0194175,0,0,0,0,0,0,0,0,0,0.0679612,0,0,0,0,0,0.00970874,0,0.00970874,0,0,0,0.0194175,0,0,0,0,0,0.038835,0,0,0,0,0,0,0,0,0.0291262,0,0,0,0,0.0582524,0,0,0,0,0,0,0,0,0,0,0,0,0.184466,0,0,0,0,0,0,0.0194175,0,0,0,0.00970874,0,0,0.126214,0,62
0,0,0,0,0,0,0,0,0,0,0,0,0,0,0,0,0,0,0,0,0,0,0,0,0,0,0,0,0,0,0,0,0,0,0,0,0,0,0,0,0,0,0,0,0,0,0,0,0.1,0,0,0,0,0,0,0,0,0,0,0,0,0,0,0,0,0,0,0,0,0,0,0,0,0,0,0,0,0,0,0,0,0,0,0,0,0,0,0,0,0,0,0,0,0,0,0,0,0,0,0,0,0,0,0,0,0,0,0,0,0,0,0,0,0,0.1,0,0,0,0,0,0,0,0,0,0,0,0,0,0,0,0,0,0,0,0,0,0,0,0,0,0,0,0,0,0,0,0,0,0,0,0,0,0,0,0,0,0,0.3,0,0,0,0,0,0,0,0,0.3,0,0,0,0,0,0,0,0,0,0,0,0,0,0,0,0,0,0,0,0,0,0.1,0,0,0,0,0,0,0.1,0,0,0,0,63
0,0,0,0,0,0,0,0,0,0,0.0263158,0,0,0,0,0.0263158,0,0,0,0,0,0,0,0,0,0,0,0,0,0,0,0,0.0263158,0,0,0,0,0,0,0,0,0,0.0263158,0,0,0,0,0,0,0,0,0.0263158,0.0263158,0,0,0,0,0,0,0,0.0263158,0,0,0,0,0.0263158,0,0,0,0,0,0,0,0,0,0,0,0,0,0,0,0,0,0.0263158,0,0,0,0,0,0,0,0,0,0,0,0,0,0,0,0,0,0,0,0,0,0,0,0,0,0.0526316,0,0,0,0,0.0526316,0,0,0,0,0,0,0,0,0,0,0,0,0,0,0.105263,0,0,0,0,0,0,0,0,0,0,0,0,0,0,0,0,0,0.0789474,0,0.0263158,0,0.0263158,0,0,0,0,0,0.0526316,0,0,0,0,0,0,0.0789474,0,0.210526,0,0,0,0,0,0.0263158,0,0,0,0,0,0,0,0,0,0,0,0,0,0,0,0,0,0,0,0,0,0,0.0263158,0,0,0.0263158,0,64
0,0,0,0,0,0,0,0.0104167,0,0,0,0,0,0,0,0,0,0,0.0104167,0.0104167,0,0,0,0,0,0,0,0,0.0104167,0,0,0,0.0104167,0,0,0,0,0,0.0104167,0,0,0,0.0208333,0.0104167,0.0208333,0,0,0.0104167,0,0,0,0,0.0208333,0.0104167,0,0,0,0,0,0,0,0,0,0,0,0,0,0,0.0416667,0,0,0,0,0,0,0,0,0,0,0,0,0,0.0104167,0,0,0,0,0,0,0,0,0,0,0,0,0,0,0.0104167,0,0,0,0,0,0,0,0,0,0,0,0.0104167,0.03125,0,0,0,0.104167,0,0,0,0,0,0,0,0,0,0,0,0,0,0,125,0,0,0,0,0,0.0104167,0,0,0,0.0104167,0,0,0,0,0,0,0,0,0,0,0,0.0104167,0,0,0,0,0,0.03125,0,0,0,0,0,0,0,0,125,0,0,0,0,0.0416667,0,0,0,0,0,0,0,0,0,0,0,0,0.1875,0,0,0.0104167,0,0,0,0.0208333,0,0,0,0.0104167,0,0,0.0520833,0,65
0,0,0,0,0.00980392,0,0,0,0,0,0,0,0,0,0,0,0,0,0,0.0294118,0,0,0,0,0,0,0.00980392,0,0.00980392,0,0,0,0,0,0,0,0,0,0.00980392,0,0.00980392,0,0.00980392,0,0,0,0,0,0,0,0,0,0,0,0,0,0,0,0,0,0.00980392,0,0,0,0,0,0,0,0.0294118,0,0,0,0,0,0,0,0,0,0,0,0,0,0.00980392,0.0196078,0,0,0,0,0,0.00980392,0,0,0,0,0,0,0,0,0.0196078,0,0,0,0,0,0,0,0,0,0,0.00980392,0.0294118,0,0,0,0.127451,0,0,0,0,0,0,0,0,0,0,0,0,0,0,0.107843,0,0,0,0,0,0,0,0,0,0.0196078,0,0,0,0,0,0,0,0,0,0,0,0,0,0,0,0,0,0.0196078,0,0,0,0,0,0,0,0,0.0588235,0,0,0,0,0.0490196,0,0,0,0,0,0,0,0,0,0,0,0,0.313726,0,0,0.0196078,0,0,0,0.0196078,0,0,0,0.00980392,0,0,0.0294118,0,66
0,0,0,0,0.00900901,0.00900901,0,0,0,0,0,0,0,0,0,0.00900901,0,0,0,0,0,0,0,0,0,0,0,0,0,0,0,0,0,0,0,0.018018,0,0,0.027027,0,0,0,0.027027,0.00900901,0,0,0,0,0,0,0.00900901,0.00900901,0,0,0,0,0,0,0,0,0.00900901,0,0,0,0,0,0,0,0.045045,0,0,0,0,0,0,0,0,0,0,0,0,0,0,0,0,0,0,0,0,0,0,0,0,0,0,0,0.00900901,0.00900901,0.00900901,0,0,0,0,0,0,0,0,0,0,0,0.027027,0,0,0,0.135135,0.00900901,0,0,0,0,0,0,0,0,0,0,0,0,0,0.018018,0,0.00900901,0,0,0,0,0,0,0,0,0,0,0,0.00900901,0,0.00900901,0,0.00900901,0,0.00900901,0.00900901,0.00900901,0,0,0,0,0,0.045045,0,0,0,0,0,0.00900901,0,0,0.0540541,0,0,0,0,0.0630631,0.00900901,0,0,0,0,0,0,0,0,0,0,0,0.27027,0,0,0.027027,0,0,0,0.027027,0,0,0,0.00900901,0,0,0.027027,0,67
0,0,0,0,0,0,0,0,0,0,0,0,0,0,0,0,0,0,0,0.00925926,0,0,0,0,0,0,0,0,0,0,0,0,0.0185185,0,0,0,0,0,0.0740741,0,0,0,0.0277778,0.0185185,0,0,0,0,0,0,0,0,0.00925926,0,0,0,0,0,0,0,0.0185185,0,0,0,0,0,0,0,0.0555556,0,0,0,0,0,0,0,0,0,0,0,0,0,0.0277778,0,0,0,0,0,0,0,0,0,0,0,0,0,0,0,0.00925926,0,0,0,0,0,0,0,0,0,0,0,0.0740741,0,0.0185185,0,0.12963,0,0,0,0,0,0,0,0,0,0,0,0,0,0,0.0462963,0,0,0,0,0,0,0,0,0,0.0277778,0,0,0,0,0,0,0,0.00925926,0,0,0,0,0,0,0,0,0,0.0648148,0,0,0,0,0,0,0,0,0.0462963,0,0,0,0,0.0833333,0,0,0,0,0,0,0,0,0,0,0,0,0.157407,0,0.00925926,0,0,0,0,0.037037,0,0,0,0,0,0,0.0277778,0,68
0,0,0,0,0,0,0,0,0,0,0,0,0,0,0,0,0,0,0,0,0,0,0,0,0,0,0,0,0,0,0,0,0,0,0,0,0,0,0,0,0,0,0,0,0,0,0,0,0,0,0,0,0,0,0,0,0,0,0,0,0,0,0,0,0,0,0,0,0,0,0,0,0,0,0,0,0,0,0,0,0,0,0,0,0,0,0,0,0,0,0,0,0,0,0,0,0,0,0,0,0,0,0,0,0,0,0,0,0,0,0,0,0,0,0,0,0,0,0,0,0,0,0,0,0,0,0,0,0,0,0,0,0,0,0,0,0,0,0,0,0,0,0,0,0,0,0,0,0,0,0,0,0,0,0,0,0,0,0,0,0,0,0,0,0,0,1,0,0,0,0,0,0,0,0,0,0,0,0,0,0,0,0,0,0,0,0,0,0,0,0,0,0,0,0,0,0,0,0,0,69
0,0,0,0,0,0,0,0,0,0,0,0,0,0,0,0,0,0,0,0.030303,0,0,0,0,0,0,0,0,0,0,0,0,0.030303,0,0,0,0,0,0,0,0,0,0,0,0,0,0,0,0,0,0,0,0.0606061,0,0,0,0,0,0,0,0.030303,0,0,0,0,0,0,0,0,0,0,0,0,0,0,0,0,0,0,0,0,0,0,0.030303,0,0,0,0,0,0,0,0,0,0,0,0,0,0,0.030303,0,0,0,0,0,0,0,0,0,0,0,0,0,0,0,0.030303,0,0,0,0,0,0,0,0,0,0,0,0,0,0,0.30303,0,0,0,0,0,0,0,0,0,0,0,0,0,0,0,0,0,0,0,0,0,0,0,0,0,0,0,0,0,0,0,0,0,0,0,0,0.212121,0,0,0,0,0.030303,0,0,0,0,0,0,0,0,0,0,0,0,0,0,0,0,0,0,0,0.030303,0,0,0,0,0,0,0.181818,0,70
0,0,0,0,0.0128205,0,0,0,0,0,0,0,0,0,0,0,0,0,0,0.0128205,0,0,0,0,0,0,0,0,0,0,0,0,0.0128205,0,0,0.0384615,0,0,0.025641,0,0,0,0,0.0128205,0,0,0,0,0,0,0,0,0.0128205,0,0,0.0128205,0,0,0,0,0.0128205,0,0,0,0,0,0,0,0.025641,0,0,0,0,0,0,0,0,0,0,0,0,0,0,0,0,0,0,0,0,0.0128205,0,0,0,0,0.0128205,0,0,0,0.0128205,0,0,0,0,0,0,0,0,0,0,0,0.0128205,0,0,0,0.0769231,0,0,0,0,0,0,0,0,0,0,0,0,0,0.0128205,0.153846,0,0,0,0,0,0,0,0,0,0,0,0,0,0,0,0,0,0,0,0,0,0.0512821,0,0,0,0,0,0,0,0,0,0,0,0,0,0,0.141026,0,0,0,0,0.0512821,0,0,0,0,0,0,0,0,0,0,0,0,0.153846,0,0,0.0128205,0,0,0,0.025641,0,0,0,0,0,0,0.0897436,0,71
0,0,0,0,0.0125,0,0,0,0,0,0,0,0,0,0,0,0,0,0.0125,0.0125,0,0,0,0,0.0125,0,0,0,0,0,0,0,0,0,0,0,0,0,25,0,0,0,0,0,0,0,0,0,0,0,0,0,0,0,0,0,0,0,0,0,25,0,0,0,0,0,0,0,0.0375,0,0,0,0,0,0,0,0,0,0,0,0,0,0,0.0125,0,0,0,0,0,0.0125,0,0,0,0,0,0,0,0,25,0,0,0,0,0,0,0,0,0,0,0,0.0125,0,0,0,125,0,0,0,0,0,0,0,0,0,0,0,0,0,0,0.0875,0,0,0,0,0,0,0,0,0,0,0,0,25,0,0,25,0,0,0,0,0,0.0125,0,0,0,0,0,0.05,0,0,0,0,0,0,0,0,0.05,0,0,0,0,0.05,0,0,0,0,0,0,0,0,0,0,0,0,275,0,0,0.0125,0,0,0,0.0125,0,0,0,0,0.0125,0,0.0625,0,72
0,0,0,0,0.01,0,0,0.01,0,0,0,0,0,0,0,0,0,0,0,0.01,0,0,0,0,0,0,0,0,0.01,0,0,0,0.04,0,0,0.02,0,0,0.04,0,0,0,0.02,0.01,0,0,0,0,0,0,0,0.01,0,0,0,0,0,0,0,0,0,0,0,0,0,0.01,0,0,0.04,0,0,0,0,0,0,0,0,0,0,0,0,0,0.03,0,0,0,0,0,0,0,0,0,0,0,0,0,0,0,0.06,0,0,0,0.01,0,0,0,0,0,0,0,0.04,0,0,0,0.12,0,0,0,0,0,0,0,0,0,0,0,0,0,0.01,0.02,0,0,0,0,0,0,0,0,0,0,0,0,0,0,0,0.02,0,0,0,0,0,0,0,0,0.02,0,0,0.03,0,0,0,0,0,0,0,0,0.05,0,0,0,0,0.03,0,0,0,0,0,0,0,0,0,0,0,0,0.27,0,0,0,0,0,0,0.05,0,0,0,0,0,0,0.01,0,73
0,0,0,0,0,0,0,0,0,0,0,0,0,0,0,0,0,0,0,0.0208333,0,0,0,0,0.0104167,0,0,0,0.0104167,0,0,0,0.0208333,0,0,0,0,0,0.0416667,0,0,0,0.0416667,0.0104167,0,0,0,0.0104167,0,0,0,0,0,0,0,0,0,0,0,0,0,0,0,0,0,0.0104167,0,0,0.104167,0,0,0,0,0,0,0,0,0,0,0,0,0,0.0208333,0.03125,0,0,0,0,0,0.0104167,0,0,0,0,0,0,0,0,0.0104167,0,0,0,0,0,0,0,0,0,0,0,0.0520833,0,0.0208333,0,0.0729167,0.0104167,0,0,0,0,0,0,0,0,0,0,0,0,0,0.0416667,0,0,0,0,0,0,0,0.0104167,0,0.03125,0,0,0.0104167,0,0,0.03125,0,0.0104167,0,0,0,0,0,0,0,0,0,0.0520833,0,0,0,0,0,0,0,0.0104167,0.0208333,0,0,0,0,0.0729167,0.0104167,0,0,0,0,0,0,0,0,0,0,0,0.0833333,0,0.0104167,0,0,0,0,0.03125,0,0,0,0.0416667,0,0,0.0208333,0,74
